1,0.0771878232023215
2,0.077187917488913
3,0.0771880117738605
4,0.077188106059144
5,0.0771882003447633
6,0.0771882946307197
7,0.0771883889170106
8,0.0771884832036401
9,0.0771885774906039
10,0.0771886717779036
11,0.077188766065539
12,0.0771888603535116
13,0.0771889546418201
14,0.0771890489304643
15,0.0771891432194458
16,0.0771892375087616
17,0.0771893317984147
18,0.0771894260884035
19,0.0771895203787282
20,0.0771896146693887
21,0.0771897089603864
22,0.467838388652479
23,0.788796104314806
24,1.04225516271035
25,1.44034087919674
26,1.7714685428697
27,2.00071665472637
28,0.656595943008827
29,0.904329005351272
30,2.48997989827841
31,1.25450707945093
32,1.03468918652227
33,0.584045373537001
34,0.24944124583467
35,0.167661179563441
36,0.167439388029635
37,0.204968403087776
38,0.170903274507545
39,-0
40,-0
41,0.354396025113062
42,0.520479541109825
43,0.530998576897899
44,0.649585895133704
45,1.04158731108705
46,1.83146025472674
47,2.04711284873967
48,1.84196493035321
49,0.676274802764726
50,0.358875876407258
51,0.428890207709547
52,-0.099027522575956
53,-0.411773313085619
54,-0.234792679799591
55,-0.0352179554989737
56,0.375503685508429
57,1.61122517023096
58,1.9900732546745
59,1.92548515364039
60,1.88107380597982
61,1.38324920346451
62,0.879472547124968
63,0.799323295611486
64,0.633115286246256
65,0.252440770886416
66,0.453301769674645
67,0.705310481067935
68,0.627868106769803
69,0.460765173229964
70,0.457508220247179
71,0.539144969829499
72,0.970498553387708
73,0.993464457920248
74,0.650459434200297
75,0.309435978989743
76,0.208926191206065
77,0.625702128483659
78,0.897274127961588
79,1.09642131801511
80,0.571409462628378
81,0.310402246705042
82,0.916584249777477
83,1.12535745573415
84,1.35146945730192
85,1.74845010906378
86,1.34639378632147
87,1.15794375036912
88,0.963348861373619
89,0.972349380926636
90,0.983602566517006
91,0.670124680002868
92,0.458287181097475
93,0.555692366206629
94,0.55449911004888
95,0.760113145267093
96,1.09092478210688
97,0.258181609650697
98,0.21946253614823
99,0.25471088324798
100,0.942682208167307
101,1.17596857781083
102,1.09122011145488
103,0.88528641416867
104,0.781414488037861
105,0.570210276886522
106,0.225598152568827
107,0.159815326017875
108,0.7401485669865
109,0.962954677207642
110,1.19417268793943
111,1.21929520592386
112,1.35918621957875
113,1.15567888326199
114,0.93765849637393
115,0.494153817789844
116,0.234180563832518
117,-0.550444902328553
118,-0.550256061223657
119,-0.550066384376817
120,-0.549876774893249
121,-0.549687232751422
122,-0.415678295141464
123,-0.2713631094176
124,-0.0472702170489794
125,0.118431839181381
126,0.190186564068923
127,0.0772788410698996
128,0.0772789355735026
129,0.0772790301112776
130,0.0772791246493895
131,0.0772792191878407
132,0.0772793137266283
133,0.0772794082657536
134,0.0772795028052182
135,0.0772795973450207
136,0.0772796918851595
137,0.0772797864256376
138,0.0772798809664535
139,0.0772799755076072
140,0.0772800700490973
141,0.0772801645909267
142,0.0772802591330939
143,0.077280353675599
144,0.0772804482184418
145,0.077280542761624
146,0.0772806373051425
147,0.0772807318490003
148,0.0772808263931945
149,0.0772809209377266
150,0.0772810154825979
151,0.0772811100278056
152,0.0772812045733526
153,0.0772812991192375
154,0.0772813936654587
155,0.0772814882120193
156,0.0772815827589177
157,0.0772816773061539
158,0.077281771853728
159,0.07728186640164
160,0.0772819609498897
161,0.0772820554984774
162,0.0772821500474043
163,0.0772822445966691
164,0.0772823391462703
165,0.52183535814799
166,0.944775344794189
167,1.37692781091181
168,1.85647695712477
169,2.38643867778995
170,2.95248098981197
171,2.53374139867103
172,2.47842612450099
173,2.00091529299507
174,1.12490897778078
175,0.121388707881822
176,0.158986621705549
177,0.251231528636839
178,0.795371801979475
179,0.722387398341025
180,0.726556525882547
181,0.912252062658802
182,1.98409115573797
183,0.125952915119343
184,-0.558570317063543
185,-0.141518879727997
186,-0.558329278039236
187,-0.192690017501148
188,0.18779474599564
189,0.958831419749169
190,0.750213014217008
191,1.45432735070083
192,2.33245598354674
193,2.70215854134475
194,3.65163691283818
195,4.80226914561003
196,5.11581209628831
197,5.10684474239952
198,2.43380232563132
199,4.2034714266562
200,2.87777501939165
201,3.80529317892732
202,3.58088302673971
203,4.2240961631561
204,2.81712636692047
205,2.67096500684946
206,2.52143961310399
207,1.26216226417739
208,0.913313452879234
209,1.07091526451909
210,0.901266905110359
211,1.22796285612768
212,1.23064565477533
213,1.23067201570561
214,1.23069838072945
215,1.58173619716114
216,1.59521463421167
217,2.15966084932971
218,2.3947531606378
219,2.44264087402242
220,2.08838039567369
221,2.31182054227354
222,2.55927604783344
223,2.19007729991481
224,2.42263966261847
225,2.92847184697244
226,3.79634199472884
227,3.64174380207836
228,2.67567469538193
229,2.25855672666325
230,1.84407106996534
231,1.42779586355347
232,1.02238799186686
233,1.60793801343057
234,2.03206792254227
235,2.26906562406768
236,2.51944628297599
237,2.09805845891168
238,2.56595599496324
239,2.13989528448357
240,2.38105423369204
241,1.95244872159325
242,1.73699492503355
243,1.30832519612706
244,1.72082870984649
245,1.72368532379208
246,1.72374020309488
247,1.72379509439105
248,1.72384998806801
249,1.50725465278976
250,1.08870460794595
251,1.0724711294449
252,0.331889521967222
253,0.639551882178558
254,0.813199264818589
255,1.18335876582151
256,0.984245807633944
257,1.35722890372887
258,2.18064696475336
259,1.7849578628616
260,1.78820863261584
261,1.58684309379762
262,0.991122181378036
263,0.786081516005385
264,0.770204599989091
265,0.755948289260911
266,0.562148851560412
267,2.07246771770759
268,0.743904166773579
269,1.27451300830715
270,1.08636386949521
271,1.07673480808359
272,1.64015776834697
273,1.84692048487491
274,2.06312090236794
275,2.29555260427498
276,2.54250187546805
277,2.58379860427028
278,2.62417339604569
279,3.73360621220606
280,2.74836228316122
281,2.09553839065712
282,2.56165831020878
283,1.70133110546139
284,1.27507748298394
285,0.481963618271151
286,0.321466848295484
287,0.0468987887370681
288,-0.211533601872427
289,-0.0987268147690749
290,1.43317162189041
291,1.44784310429935
292,0.710147505685259
293,-0.0976584322504498
294,1.18066651384417
295,1.56126187288316
296,1.19609164248023
297,0.660767962366354
298,1.16767627847423
299,1.34803255810383
300,1.34940633428386
301,0.646621682647085
302,0.463417477868288
303,0.448358797086737
304,-0.00423901915524703
305,-0.218904147687155
306,-0.219683522592437
307,-0.311063614218135
308,-0.30497451080957
309,-0.21010893861622
310,-0.287568064795888
311,-0.628105608462161
312,-0.491520103828154
313,-0.627721470216714
314,-0.372063217859842
315,-0.286140186084665
316,-0.0885239284172637
317,-0.0209364800942914
318,0.55259732942637
319,0.223808293931132
320,-0.0653990064213288
321,-0.315362814993803
322,-0.627377916017487
323,-0.627163353338913
324,-0.137951817345066
325,0.0300423212885035
326,0.166339685866676
327,-0.100881413245167
328,-0.0830512146535079
329,-0.367126780983861
330,-0.0566507821362963
331,-0.143216463700373
332,0.00281989032698764
333,0.146379972509051
334,0.194451816264598
335,0.0775571871347364
336,0.0775572821178474
337,0.0775573772141799
338,0.0775574723108576
339,0.077557567407877
340,0.0775576625052397
341,0.0775577576029456
342,0.0775578527009947
343,0.077557947799387
344,0.077558042898121
345,0.0775581379971998
346,0.0775582330966203
347,0.077558328196384
348,0.235623242303155
349,0.650428949894813
350,1.07808170695774
351,1.51807240569183
352,2.02264407815816
353,2.39773842525184
354,2.51250909751058
355,2.66839722665859
356,1.56016298500811
357,1.95014431310234
358,1.95933328011532
359,2.19335039686509
360,2.87571325764028
361,1.5503889682031
362,1.58459556515354
363,1.27043017738974
364,1.53376013928729
365,1.70498379360222
366,1.90385832639251
367,0.908592297275696
368,1.15368578441053
369,0.671487658948801
370,0.427605043544335
371,1.01852068436535
372,1.82015274612164
373,1.46382482767166
374,0.829037933560489
375,0.823152145875141
376,0.823163444264256
377,0.823174741352655
378,0.823186038770883
379,0.950260424970174
380,1.21836303666381
381,0.968215861296278
382,0.713295199028908
383,0.350499420886148
384,-0.0248681989041331
385,-0.0973711800777435
386,0.17331441111006
387,-0.643813010375067
388,-0.643593447439077
389,-0.643372169016945
390,-0.643150969803857
391,-0.613899696969475
392,-0.525424441315337
393,-0.454746570141551
394,-0.251154985979116
395,-0.265665013618459
396,-0.0410444379851101
397,0.122693648366749
398,0.191629118807731
399,0.0776128623865508
400,0.0776129574910289
401,0.0776130527198306
402,0.0776131479489761
403,0.0776132431784636
404,0.405038502897913
405,0.857110627504416
406,1.28995487438577
407,1.75705232140543
408,2.28368133149195
409,2.84563525214201
410,3.42966882853288
411,3.11227982118154
412,1.10801734625774
413,2.5959147928332
414,2.2795141168508
415,1.73982943028902
416,0.766967830114346
417,0.552752271606945
418,0.346423987642053
419,0.255909058622484
420,0.215892663146481
421,0.0516215721264208
422,-0.651168570116619
423,-0.650946699673029
424,-0.650722951868616
425,-0.554873425048426
426,-0.404062936944536
427,-0.259766113228857
428,-0.0284529062345392
429,0.129992947267052
430,0.192770422796926
431,0.0776413729605819
432,0.0776414681102308
433,0.0776415633937724
434,0.0776416586776594
435,0.0776417539618912
436,0.0776418492464676
437,0.0776419445313873
438,0.0776420398166518
439,0.0776421351022624
440,0.0776422303882164
441,0.077642325674515
442,0.0776424209611599
443,0.0776425162481481
444,0.077642611535481
445,0.0776427068231586
446,0.077642802111181
447,0.0776428973995481
448,0.07764299268826
449,0.524388534930801
450,0.94961664638625
451,1.38433521408131
452,1.86703668314933
453,2.40090997007129
454,2.97171110408735
455,3.55473047857834
456,4.16629336878762
457,2.07990711631884
458,2.04002061369282
459,3.76734079523467
460,2.6576151222562
461,1.47293462525284
462,2.35910928997607
463,1.1766773770953
464,1.43862862498124
465,1.46700664660929
466,0.70740312932975
467,0.950090874944949
468,0.956054928876292
469,0.580819164314735
470,0.450669815848967
471,1.19742080491938
472,0.827664006622145
473,0.345929787795536
474,0.683176749625588
475,0.683954899316261
476,0.559536080445058
477,0.79681774338084
478,0.799171402214472
479,0.799182017249175
480,0.799192633137074
481,0.799203249326813
482,0.55605514929842
483,0.914265235787348
484,0.921206572083809
485,1.18093046691282
486,0.446350961792843
487,0.5526841944404
488,0.7907879835356
489,0.79313598204221
490,0.55148684752529
491,0.544659096855639
492,0.658748310116543
493,-0.0866291166391288
494,-0.400635048397567
495,-0.603990363862677
496,-0.654706420079664
497,-0.669021310463862
498,-0.668791495888624
499,-0.594426635754323
500,-0.618019682265412
501,-0.467678169758864
502,-0.270688301529955
503,-0.137762662976911
504,0.0477222952298109
505,0.165472724309158
506,0.19576051143913
507,0.0777056918861832
508,0.0777057871543274
509,0.0777058825796045
510,0.0777059780052283
511,0.0777060734311969
512,0.237380575703551
513,0.466685199169791
514,0.597004866453481
515,0.452635832103191
516,0.835546958647008
517,0.628542860189628
518,0.595954532673883
519,0.876616677745362
520,1.38382801337914
521,1.53665914614926
522,1.50569096116669
523,1.32424668917627
524,1.24257592595802
525,1.12826234748093
526,1.26298009261695
527,1.31923087295029
528,1.18356141657444
529,1.13108781813383
530,0.892628999848597
531,0.638349399294338
532,0.551855192834308
533,0.55093943286166
534,0.550944376824015
535,0.55094932084267
536,0.550954264967595
537,1.08374305945929
538,0.745064049080241
539,0.746434332244462
540,0.254829374138848
541,0.253758065965097
542,0.380528223805184
543,0.549147576914812
544,0.550995260846774
545,0.166810122106388
546,-0.13424793734013
547,-0.677173287578131
548,-0.621384888240297
549,-0.467854881018014
550,-0.320481467507498
551,-0.123774068917984
552,0.073866994508346
553,0.180555415863054
554,0.077736325421598
555,0.0777364207996415
556,0.0777365163141553
557,0.0777366118290163
558,0.0777367073442224
559,0.0777368028597777
560,0.0777368983756767
561,0.0777369938919236
562,0.0777370894085169
563,0.0777371849254567
564,0.077737280442743
565,0.0777373759603758
566,0.077737471478355
567,0.0777375669966807
568,0.0777376625153529
569,0.0777377580343715
570,0.52505617112921
571,0.950876944399315
572,1.3862549416405
573,1.7486641919795
574,1.19115837363362
575,1.17357526405209
576,0.986023262633462
577,0.415867633607981
578,0.409042961937118
579,0.707048149284205
580,0.542613516211642
581,0.423888605811888
582,0.303475555204985
583,0.197852576056251
584,0.348089548655933
585,0.235230086825068
586,0.63096401351647
587,0.469939615906178
588,0.353789288076507
589,0.225122873596866
590,0.342644686605131
591,0.398970691329921
592,0.455990228121754
593,0.633797852106656
594,0.771286568063418
595,0.994402185665593
596,0.905438378527033
597,1.164692736042
598,1.05493735509539
599,0.56132431298995
600,0.55745886481782
601,0.783331702003376
602,0.798160594197961
603,0.810523516867859
604,0.585890898711477
605,0.508335647805535
606,0.507477497728771
607,0.662434826610784
608,1.35058717845501
609,1.84338157158394
610,1.39272469810967
611,1.03857864860725
612,1.05362640529802
613,0.0212022945677728
614,-0.687966690246855
615,-0.687732621642047
616,-0.607471499640328
617,-0.454413359302642
618,-0.307578375944257
619,-0.102046060082699
620,0.0870744479813217
621,0.184399167739981
622,0.077774401298563
623,0.0777744967719192
624,0.0777745923982649
625,0.0777746880249594
626,0.0777747836520007
627,0.0777748792793902
628,0.077774974907125
629,0.0777750705352081
630,0.0777751661636394
631,0.077775261792416
632,0.0777753574215423
633,0.077775453051014
634,0.0777755486808338
635,0.0777756443110005
636,0.0777757399415154
637,0.0777758355723756
638,0.0777759312035856
639,0.0777760268351408
640,0.0777761224670444
641,0.0777762180992961
642,0.0777763137318932
643,0.0777764093648386
644,0.0777765049981322
645,0.0777766006317712
646,0.0777766962657584
647,0.321472812236094
648,0.584004115284141
649,1.10433191309777
650,1.12734327416124
651,1.32785926198386
652,1.08614751194761
653,1.06502644447717
654,1.81732510140149
655,1.98855381327398
656,1.55374871098083
657,1.45620760447331
658,1.43196468485659
659,1.60227454469661
660,1.25899555374514
661,0.830171227846042
662,0.926257228736302
663,0.663524043890853
664,0.66291320545741
665,0.574836007293279
666,0.755703570843557
667,0.670755136318364
668,0.580620321905809
669,0.214449657393944
670,0.209325392029562
671,-0.404973147958866
672,-0.469270798911239
673,-0.593051309966155
674,-0.282537243754675
675,-0.174223239012933
676,-0.315281971279684
677,-0.209738915495711
678,-0.0211619488860169
679,0.121730360788292
680,0.180033284803483
681,0.19346340257422
682,0.0778035128676115
683,0.0778036083956092
684,0.0778037041033244
685,0.0778037998113857
686,0.0778038955197955
687,0.0778039912285536
688,0.0778040869376588
689,0.0778041826471138
690,0.0778042783569158
691,0.0778043740670647
692,0.0778044697775621
693,0.0778045654884079
694,0.0778046611996007
695,0.253007013857129
696,0.412055572967029
697,0.374673882975858
698,0.695475956469766
699,1.11327993372773
700,1.12254713268083
701,1.38807718182493
702,0.913853270619193
703,1.44774391996881
704,0.58087141418303
705,0.293402720183176
706,0.398631060784963
707,1.53438771791693
708,1.11642257203342
709,1.08420126672356
710,1.57788259129146
711,1.29756843231582
712,0.516473221411002
713,0.251104217419898
714,0.966400198822121
715,0.998831312814065
716,0.687638576143856
717,0.00633969606090986
718,0.0461668463348904
719,-0.0176486024294862
720,-0.445466126689717
721,-0.475362946624954
722,-0.354456063351302
723,-0.23594734124111
724,-0.0331916802191051
725,0.127331445717574
726,0.167492150970223
727,0.189992942233743
728,0.193123978317141
729,2.73950902494737
730,0.4880805335522
731,0.937818072275354
732,1.2869483415717
733,1.59200610691368
734,1.09123711037669
735,1.53455160568427
736,1.74290398947746
737,1.60304593751326
738,2.01635150583516
739,1.89202065808428
740,1.80697570775118
741,1.46890854449349
742,1.52322362518339
743,1.15826684095873
744,1.07888895747017
745,0.898508158614798
746,1.0066878160982
747,0.919862374478326
748,0.625558143826623
749,0.33273355669398
750,0.516564237112601
751,0.421352063306286
752,0.215376085983833
753,0.109106086139083
754,-0.176254580315469
755,-0.452374379512708
756,-0.394044562093304
757,-0.488326251987295
758,-0.402008883374963
759,-0.106082186489983
760,-0.2390529635718
761,-0.264935996421839
762,-0.0818398406274453
763,0.0927618336296965
764,0.184560718682161
765,0.206950476673747
766,0.196296300076047
767,2.51246203532832
768,0.471242488464543
769,0.912738095658066
770,1.34829778902922
771,1.82616457310336
772,2.05756439990395
773,1.49928596499741
774,0.999368403593503
775,1.20348368846258
776,1.36040514868677
777,1.53067459667379
778,1.52131374375367
779,2.25196219011756
780,2.07370738637309
781,1.59023846587488
782,1.0992979308692
783,0.911673980804049
784,1.22939417963044
785,0.635328853702575
786,0.629109108614138
787,0.530355409852304
788,0.333971086435426
789,0.423661116346249
790,0.614411359335322
791,0.616471767158191
792,0.519868725732218
793,0.163520937984926
794,0.501746659677755
795,0.599119843659443
796,0.600099913123276
797,0.600105799469874
798,0.600111686016023
799,0.600117572696943
800,0.695418277417019
801,0.99459566377723
802,1.11295550595925
803,2.35833097097506
804,1.81515517419788
805,1.87815003078513
806,1.94922701091432
807,0.747380306921794
808,1.45992701502162
809,1.24604517206
810,1.13729134182981
811,0.658437673373589
812,0.533796380921599
813,0.76316067603425
814,0.647159066576191
815,0.412615235580605
816,0.246205352056238
817,0.618837013129564
818,0.24336795612958
819,0.235293366419086
820,0.592234067344101
821,0.377709427906038
822,0.585023049174313
823,-0.0121364077760435
824,0.158026403273321
825,0.545209317500486
826,0.651024473512446
827,0.652089851959263
828,0.652096830332804
829,0.347256368380259
830,0.540109926275667
831,0.641349325309709
832,0.441025094737243
833,0.256728225345426
834,0.106221450207716
835,0.211381899087334
836,0.108603065323848
837,-0.271474729078245
838,-0.372770100607205
839,-0.28717400018677
840,-0.172053496659839
841,-0.0741352855207092
842,0.44345311512559
843,1.07737156823938
844,1.0521496871564
845,0.856638913960815
846,0.9491387598597
847,0.973134901491368
848,0.996496623456723
849,1.19289565153508
850,1.43484381618961
851,1.49564085543337
852,1.13860033414837
853,0.588451764765813
854,0.767873225233241
855,0.775263336540516
856,0.780700758924154
857,1.18143608676845
858,0.907107300805895
859,1.32734652680919
860,0.734762474871644
861,0.731052437948943
862,0.73355565226029
863,0.535400025891855
864,0.000768169824305977
865,0.156199795505226
866,0.211064677590563
867,-0.131472930011077
868,0.0622738338855787
869,0.206155968762459
870,0.795790709328225
871,0.812316938509955
872,0.911572693067543
873,0.742826248271539
874,1.023104658513
875,1.24020327348776
876,1.17406297684841
877,0.897751902144979
878,1.20880613138216
879,1.23845502774992
880,0.841186674005146
881,0.538329004559229
882,0.533448541471806
883,0.531668821211553
884,0.256713561615541
885,0.256564058371622
886,0.512844809512338
887,0.609867588800829
888,0.256381524865641
889,0.256232031486895
890,0.161454448361605
891,0.953495589327721
892,1.07484254503711
893,0.89686552773326
894,0.804097216433283
895,0.422288345295417
896,0.799003465399566
897,0.612981500929226
898,0.610944339989764
899,0.326958054252107
900,0.321900360972261
901,0.213749983369205
902,0.314388341726526
903,0.489088777699707
904,0.580127781497444
905,0.581089269368649
906,0.400978333856965
907,0.48534880263063
908,0.574378810316349
909,0.314751102608093
910,0.309638025234884
911,0.561165933803655
912,0.833462674937502
913,0.483881582287261
914,0.311156702138856
915,0.0263118947961467
916,-0.0568586462993018
917,-0.12308394642942
918,0.162054612636117
919,0.489015947836609
920,0.568177520809527
921,1.20313254823367
922,1.16825844054636
923,1.03079890917044
924,0.706646002821021
925,0.707966511633756
926,0.975523271422082
927,0.728635227002491
928,0.643248654626692
929,0.6445236756508
930,0.735162503460863
931,0.312259902378726
932,0.382844262800056
933,0.551123176289931
934,0.55297783306823
935,0.306976409785671
936,0.377233481556798
937,0.375934330255236
938,0.538461046338184
939,0.70870986776445
940,0.979309340876126
941,0.557630398427847
942,0.254834243142256
943,0.542013020540902
944,0.212835756840993
945,0.871626009117396
946,1.07153156948401
947,1.00534134891274
948,0.218090492835359
949,-0.0599749471275758
950,-0.403843763334579
951,-0.313539418972701
952,-0.607796844391276
953,-0.48733086181428
954,-0.33914490290803
955,-0.152373889892273
956,0.0552029861714883
957,0.17341350378282
958,0.197039598802952
959,0.078015280102726
960,0.0780153761725041
961,0.322478978198007
962,0.783423150268217
963,1.21723252008545
964,1.67453123440249
965,2.19929076856007
966,1.90915793590195
967,1.16223510206066
968,1.47560307493377
969,1.30782708100736
970,1.18356649393979
971,1.32396999428474
972,1.90481491965189
973,2.38759734514601
974,1.82155590958714
975,1.20658244027679
976,0.917852866781451
977,0.721586614820164
978,0.622926814317637
979,0.621900327338151
980,0.0581375174559965
981,0.408640818642405
982,0.321681259982006
983,0.25631394255963
984,0.315024568576207
985,0.212501828465964
986,0.308788068765092
987,0.211474465989516
988,-0.104814115971256
989,-0.404765861754654
990,0.196007762388165
991,0.488620506039244
992,0.717494380830259
993,1.04504422369494
994,0.912628492591384
995,0.366435710525619
996,0.512702834012523
997,0.672158895128364
998,0.298664033817622
999,0.510150420238996
1000,0.512777051206046
1001,1.16556403383357
1002,0.949218757900666
1003,1.05287155695337
1004,0.722438256500805
1005,0.812452738185382
1006,0.912820508434363
1007,0.654561594804511
1008,0.47785791167742
1009,0.213050649556081
1010,0.0287720967991318
1011,0.249353825478949
1012,0.209036659301141
1013,0.292647105726831
1014,0.251008167645235
1015,0.208752895979058
1016,0.247474601948797
1017,-0.0139655089879813
1018,-0.575195104437972
1019,-0.514332247397061
1020,-0.365884429991732
1021,-0.195991087546048
1022,0.0241022799693942
1023,0.158957247571466
1024,0.196605104437919
1025,0.0780641993988525
1026,0.0780642955946554
1027,0.0780643920519564
1028,0.0780644885096112
1029,0.0780645849676178
1030,0.0780646814259777
1031,0.0780647778846924
1032,0.0780648743437588
1033,0.0780649708031786
1034,0.0780650672629532
1035,0.0780651637230795
1036,0.0780652601835592
1037,0.0780653566443936
1038,0.0780654531055798
1039,0.0780655495671194
1040,0.0780656460290123
1041,0.0780657424912584
1042,0.0780658389538579
1043,0.0780659354168107
1044,0.0780660318801168
1045,0.0780661283437761
1046,0.0780662248077889
1047,0.0780663212721549
1048,0.0780664177368742
1049,0.0780665142019469
1050,0.0780666106673728
1051,0.0780667071331507
1052,0.0780668035992833
1053,0.0780669000657678
1054,0.238497046589538
1055,0.569481578303917
1056,1.04451585086643
1057,1.48822706951064
1058,1.99038502724507
1059,2.36954012447805
1060,1.45179943872579
1061,1.55952981083467
1062,1.9628671387301
1063,1.51825583588812
1064,1.38472605527731
1065,1.23768046854932
1066,1.27484708211082
1067,1.41949621330819
1068,0.871018213511192
1069,1.16764537532881
1070,1.09422693369347
1071,1.01209018117108
1072,0.334510396970871
1073,0.215155448972516
1074,0.212381204183753
1075,0.586808170537382
1076,0.115503165763221
1077,-0.389275687574025
1078,-0.425624560184754
1079,8.27412944326962e-05
1080,0.0552045550923647
1081,-0.47812629648002
1082,-0.477411374290424
1083,-0.307512271426825
1084,0.0346135371589678
1085,0.168677667842654
1086,0.153508330163388
1087,0.169184438808387
1088,0.185708516807543
1089,0.187026280871649
1090,0.24159094185046
1091,0.329975968246442
1092,0.334586860177013
1093,0.197255223348865
1094,0.241978943202902
1095,0.167659059200291
1096,0.136051561435236
1097,0.0993809025381955
1098,0.177540922449265
1099,0.172612450563067
1100,0.189906911191856
1101,0.19707751244526
1102,2.34302898589147
1103,0.239819564789708
1104,0.241377654086421
1105,0.445695899324887
1106,0.989921486634
1107,1.34281605307886
1108,1.59554571093374
1109,0.938614524868721
1110,0.608978943370354
1111,1.23139533430569
1112,1.82580724304981
1113,1.88323500240851
1114,1.22550811852547
1115,0.638698426571579
1116,0.562909770617584
1117,0.56404019377407
1118,0.716347491483972
1119,1.12280253991373
1120,0.914416200363202
1121,1.18550751806064
1122,1.1374205860582
1123,0.985621148039038
1124,0.472901608078615
1125,0.465922262575982
1126,0.721606914429289
1127,0.909373357651337
1128,0.924722986504828
1129,0.752406972250651
1130,0.943105552619184
1131,0.768398623318979
1132,0.867516371458455
1133,0.6863805878598
1134,0.59300042772532
1135,0.592038731689506
1136,0.499529277120269
1137,0.49689497357587
1138,0.587152348072305
1139,0.319230973115186
1140,0.488509437871289
1141,0.25632612634045
1142,0.211168836197083
1143,0.0246596134511021
1144,-0.0569651361207392
1145,-0.388572948525021
1146,-0.163915601388431
1147,-0.432179936642914
1148,-0.0976939570217533
1149,-0.185136350697758
1150,-0.352429498327954
1151,-0.181321029541346
1152,0.0348914991319115
1153,0.164354078927293
1154,0.197064659286836
1155,0.0781397905991201
1156,0.078139886988036
1157,0.0781399836617617
1158,0.0781400803358433
1159,0.0781401770102788
1160,0.0781402736850695
1161,0.0781403703602141
1162,0.0781404670357155
1163,0.0781405637115707
1164,0.0781406603877798
1165,0.0781407570643441
1166,0.0781408537412638
1167,0.0781409504185388
1168,0.0781410470961662
1169,0.0781411437741504
1170,0.335821092625095
1171,0.797811239621297
1172,1.23273329208548
1173,1.69312005710275
1174,2.22001694542562
1175,2.78213319423108
1176,2.52289872373175
1177,2.18164618272801
1178,0.942613306343313
1179,0.216581423206075
1180,0.20825597140032
1181,-0.520547779124481
1182,-0.629831744613111
1183,-0.47943674476287
1184,-0.330936974675154
1185,-0.138779780039342
1186,0.0650076592837312
1187,0.177828778871394
1188,0.197467153518498
1189,0.07815766496382
1190,0.0781577613863649
1191,0.0781578581003304
1192,0.0781579548146502
1193,0.0781580515293254
1194,0.0781581482443559
1195,0.0781582449597417
1196,0.0781583416754828
1197,0.0781584383915793
1198,0.346979181426424
1199,0.254229799359487
1200,0.439051411412232
1201,0.883634120421966
1202,1.37952539748468
1203,1.24400086934158
1204,0.72313973330657
1205,0.385513917582337
1206,0.203032842066417
1207,0.415840260489093
1208,0.468963742863297
1209,0.341504114197854
1210,0.764950533358574
1211,1.19679998946393
1212,1.31902644377126
1213,1.51954519391517
1214,1.22792764532192
1215,1.46852415266734
1216,0.867123216237645
1217,0.723102258120889
1218,0.501184724036629
1219,0.291183599229614
1220,0.283506158244053
1221,0.708072862918642
1222,0.721388241120771
1223,0.65211918102126
1224,0.428606418770118
1225,0.351204853965217
1226,0.348483805364527
1227,0.492079981501796
1228,0.420499734495614
1229,-0.0797701138606947
1230,0.167870953874806
1231,0.25140194916735
1232,0.722943665279417
1233,0.602232273160347
1234,0.605425082088006
1235,0.21350047799368
1236,-0.267069947861692
1237,-0.225590095772596
1238,-0.281225964189663
1239,-0.274297716134404
1240,-0.0234017509581074
1241,0.063295679332135
1242,0.125609362020662
1243,0.175039751993787
1244,0.190779005250853
1245,0.197538474242979
1246,0.0781874942006973
1247,0.0781875907070028
1248,0.0781876875136429
1249,0.0781877843206391
1250,0.0781878811279894
1251,0.0781879779356983
1252,0.0781880747437614
1253,0.237562524596786
1254,0.211182918335001
1255,0.210394069576777
1256,0.210394775221133
1257,0.210395480877362
1258,0.232449261484288
1259,0.341633135014071
1260,0.34098650897156
1261,0.384724205033021
1262,0.51149897115882
1263,0.719980252019508
1264,0.969104354359685
1265,0.473127363063014
1266,0.0947581641489316
1267,0.108659215242479
1268,0.136093644145906
1269,0.61125156727025
1270,1.12776950200178
1271,1.85194073638611
1272,2.30613536824117
1273,2.30866914302061
1274,1.65130156710722
1275,1.10246381180956
1276,0.812718943271874
1277,1.14834314436822
1278,1.01789740509354
1279,0.95300996204964
1280,0.883505468830938
1281,0.549023859573176
1282,0.21330282836653
1283,0.20875178805363
1284,0.523076133375524
1285,0.527607901483987
1286,0.527612427969526
1287,0.527616954614373
1288,0.527621481352479
1289,0.943958559137814
1290,0.623860896042748
1291,0.879817712409621
1292,0.719575800951093
1293,0.811299568861092
1294,0.911516289266874
1295,0.742849153775642
1296,0.656331808982269
1297,0.840130740457809
1298,0.757698617124111
1299,1.34101595074622
1300,1.3885011757219
1301,1.11436923658289
1302,1.34447341547274
1303,0.742597681785925
1304,0.537377774687126
1305,-0.0525850778612928
1306,-0.81452835792454
1307,-0.814252052406204
1308,-0.701979885517018
1309,-0.54477987435229
1310,-0.393488486165046
1311,-0.242970425177562
1312,-0.0102541013213774
1313,0.141271040575592
1314,0.195520700136825
1315,0.0782322493579988
1316,0.0782323459867412
1317,0.0782324429213157
1318,0.0782325398562466
1319,0.078232636791535
1320,0.0782327337271778
1321,0.0782328306631795
1322,0.0782329275995358
1323,0.0782330245362508
1324,0.0782331214733219
1325,0.0782332184107488
1326,0.0782333153485332
1327,0.0782334122866736
1328,0.0782335092251728
1329,0.0782336061640265
1330,0.0782337031032376
1331,0.0782338000428062
1332,0.0782338969827322
1333,0.0782339939230127
1334,0.0782340908636506
1335,0.078234187804646
1336,0.0782342847459988
1337,0.0782343816877075
1338,0.0782344786297722
1339,0.264998861290478
1340,0.720830887770527
1341,1.15445494155607
1342,1.60275818444082
1343,1.18327134612628
1344,1.39945912565748
1345,1.436375727623
1346,1.42613517642672
1347,1.29205512714936
1348,1.03217906336102
1349,1.23304017491618
1350,0.953812744132559
1351,0.657672984171285
1352,0.737629810907935
1353,0.253435547129213
1354,0.248870954793719
1355,0.209225455364344
1356,0.171464983161097
1357,0.207940188357445
1358,0.243924556993503
1359,0.00789904117129771
1360,0.0420074865891847
1361,0.048633649731696
1362,0.0546362015543601
1363,-0.0577762592004586
1364,-0.31022457313856
1365,-0.181955742583815
1366,0.0208947825587105
1367,0.135373743880854
1368,0.190762554034215
1369,0.0782547081741828
1370,0.0782548048822884
1371,0.0771878232023215
1372,0.077187917488913
1373,0.0771880117738605
1374,0.318981412264858
1375,0.673988790522735
1376,1.11177252627579
1377,1.52648336402416
1378,2.0058820011627
1379,2.18653260750282
1380,2.12935912910792
1381,2.29435737720979
1382,2.53830204875626
1383,2.31609922109131
1384,1.88046526450811
1385,1.49030506597116
1386,1.65831243841847
1387,1.72205008190413
1388,1.41610546247689
1389,1.56864648942277
1390,1.4954210365728
1391,1.533196627953
1392,1.44816658627372
1393,1.47878019156927
1394,1.38221704154091
1395,1.15227475965462
1396,1.03551791091158
1397,1.56083513510978
1398,1.07020412310787
1399,0.694034057079956
1400,0.265608917510123
1401,0.301053936212412
1402,0.289299093066609
1403,0.889078922130737
1404,1.02180013441287
1405,1.15728124537192
1406,1.56227948557116
1407,1.33042697703027
1408,0.953636669142887
1409,1.21622430977877
1410,1.09851529357296
1411,1.10536001365058
1412,0.980076189312847
1413,0.852214666060242
1414,0.851039867389121
1415,0.851052014757641
1416,0.851064162049367
1417,0.851076309704346
1418,0.981396390964193
1419,1.12050438070386
1420,1.54350702629169
1421,2.02432642295025
1422,1.92237372382878
1423,1.96699253067468
1424,2.01329681343128
1425,2.06042833843225
1426,2.28990738987465
1427,2.1657585297848
1428,2.03915277087757
1429,1.90626705538656
1430,1.59669030811734
1431,1.44501507833617
1432,1.61944262444075
1433,1.30283523769063
1434,1.30476354408448
1435,1.30939069565198
1436,1.65074609677896
1437,1.66993181161758
1438,1.68657623858673
1439,1.70336369456639
1440,1.54675366442149
1441,1.73032185362777
1442,1.39767462536915
1443,1.39987198941677
1444,1.40480491328673
1445,1.40975366645473
1446,1.41471619523453
1447,1.07377568704567
1448,1.06716905479533
1449,1.06317368059872
1450,1.05919138178862
1451,1.22369783692096
1452,1.22504964839229
1453,1.39881538909267
1454,1.40511209542363
1455,1.23532640012139
1456,1.40872864753896
1457,1.06997162758107
1458,1.06337624418052
1459,1.05939312023718
1460,0.566791103437807
1461,0.872014963014514
1462,1.03049042984992
1463,1.36386468478558
1464,1.54486281244583
1465,1.91213646964144
1466,1.58066030302909
1467,1.76576684008397
1468,1.78460332040616
1469,1.80222927821436
1470,1.63895611733561
1471,1.83076158634451
1472,1.85049591344993
1473,1.86896982628238
1474,1.51510372638153
1475,1.15368235153495
1476,1.32516220892903
1477,1.14806009297307
1478,1.32048681512334
1479,1.50591322158826
1480,1.51256588511491
1481,1.51785702712186
1482,1.52316507594841
1483,1.52838300131063
1484,1.34705613428034
1485,1.34575196420611
1486,1.16571086219287
1487,0.811404260892942
1488,0.96961458095257
1489,0.792669365518013
1490,0.950271524652943
1491,0.775491892933284
1492,0.598930543778257
1493,0.749270470872054
1494,1.07372650895275
1495,1.59635841470853
1496,1.79029977866852
1497,1.44904703964157
1498,1.45138838050014
1499,1.10361879616208
1500,1.27000668390606
1501,1.2713671489952
1502,1.45014813023265
1503,1.2773320522779
1504,1.27602905586949
1505,1.10246292184872
1506,0.316991454011827
1507,-0.414627056570291
1508,-0.585556190217894
1509,-0.585355029442073
1510,-0.585153359206693
1511,0.507175305599678
1512,0.650952965105968
1513,0.917679231150553
1514,1.05881491902959
1515,1.49516428207881
1516,1.82431516143039
1517,2.37568150055245
1518,2.6421298744426
1519,2.93311971622663
1520,2.06258383333688
1521,1.75198969164034
1522,1.43954596776849
1523,1.28139269968433
1524,1.45037309544514
1525,1.2950631781825
1526,1.46534104367177
1527,1.64470335533559
1528,2.01486628695421
1529,1.52151618346289
1530,1.87798514359666
1531,2.08921881743685
1532,1.4032900000587
1533,1.40277044104017
1534,1.40771501237389
1535,2.13942448138515
1536,1.80201663697348
1537,1.45546307667715
1538,1.27836921588556
1539,1.1033179907734
1540,1.09790627174448
1541,0.434008244191632
1542,0.307468075755539
1543,0.407397156946302
1544,0.701205361020704
1545,0.854037636009838
1546,0.848469579821032
1547,1.00154972638125
1548,0.999065641921188
1549,0.679062403436998
1550,-0.112658333492709
1551,-0.027626623331784
1552,-0.0284171855737424
1553,0.148329422403063
1554,1.00043701891019
1555,1.94479048277701
1556,2.34970473978973
1557,2.04688023701976
1558,1.7418828868809
1559,0.645127811197605
1560,0.628184366235927
1561,0.620025562653831
1562,1.21818338938987
1563,1.54897569731002
1564,1.90193358222743
1565,1.76391647351388
1566,1.61634326916113
1567,1.63119525409997
1568,0.985809933871526
1569,0.512460146786008
1570,0.307463206347998
1571,0.306024455679593
1572,0.769826048336001
1573,1.07188831324244
1574,0.920969601210622
1575,0.916259240637524
1576,1.06545016715946
1577,1.22252492960523
1578,1.54943599372672
1579,1.90251811933258
1580,1.26892324034652
1581,0.306408740660725
1582,-0.0229664349326119
1583,-0.206492546686579
1584,0.0540106290640718
1585,0.139578375788005
1586,0.94745099527519
1587,1.39446080650028
1588,2.03551308981528
1589,2.64335361409906
1590,2.16292415409162
1591,1.6988157256029
1592,1.2325569021841
1593,1.39402581454036
1594,1.90173197576573
1595,1.76500813595789
1596,1.78709050270433
1597,1.81082901954652
1598,1.66082453561305
1599,1.85162361023982
1600,2.44054316257203
1601,1.92530096440088
1602,1.7623728723376
1603,1.60026211808159
1604,1.08273816921549
1605,1.24564632768928
1606,1.07612129283069
1607,1.24121517794915
1608,1.2425743473879
1609,1.07214416324673
1610,1.06682880094369
1611,1.23238885250538
1612,1.06415857263721
1613,1.05886963644509
1614,1.39750763744105
1615,1.40518155906211
1616,1.58724461052422
1617,1.77764928703838
1618,1.98397439494697
1619,1.45934988087088
1620,1.28054011961232
1621,1.2792334653757
1622,1.27926208825635
1623,1.2792907105714
1624,1.45909670069365
1625,1.46560217121768
1626,1.28993827610459
1627,1.11362883453174
1628,2.21080318288059
1629,1.866235102269
1630,1.69527065496328
1631,1.333687039221
1632,1.33103989491068
1633,1.33107106240331
1634,1.33110222733229
1635,1.15197681723754
1636,1.14639536405298
1637,0.226082870502881
1638,0.4366065219259
1639,0.917112785509463
1640,0.747501433727316
1641,0.420632759105971
1642,0.409781322379643
1643,0.863562815159769
1644,0.860488991527609
1645,0.853606450075868
1646,0.846770271469969
1647,0.839980347254246
1648,0.83323656933292
1649,0.670330410147913
1650,0.815288271547129
1651,0.655855935025752
1652,0.17182813784844
1653,0.161092525722125
1654,0.0639115501419857
1655,-0.644638212615775
1656,-0.518133181569179
1657,-0.193353289418257
1658,-0.60919614915397
1659,-0.178091895101919
1660,0.106309848655235
1661,0.108278643028
1662,0.0415618332091795
1663,0.0405307611015215
1664,-0.138271520508058
1665,-0.0757633526337316
1666,0.0427731661109756
1667,0.255478971645515
1668,0.80961163030093
1669,1.57154833263999
1670,3.02679787360239
1671,3.43080721947357
1672,4.06875624994751
1673,3.80447736431935
1674,3.45929932858512
1675,2.68048013810553
1676,2.40048803021875
1677,2.10299544883983
1678,1.97910433552073
1679,1.68391205332001
1680,1.87117903374322
1681,1.90349963731197
1682,1.9348517310532
1683,1.79201859468414
1684,1.64213920998158
1685,1.48814967138918
1686,1.49697683466108
1687,1.33659271903565
1688,1.68224107769431
1689,1.52923719391159
1690,1.36513017161815
1691,1.89572832121052
1692,1.74291395632548
1693,1.75884209241833
1694,2.34194733589179
1695,2.39210603717727
1696,2.65736089534411
1697,2.71999287825515
1698,2.55042851761077
1699,2.83376218690944
1700,2.89963714354359
1701,2.9652144167863
1702,3.03226967954896
1703,3.10084540329371
1704,3.1709794822145
1705,3.24273819113447
1706,3.03959904336834
1707,3.09704947529593
1708,2.88499246379445
1709,1.98313886385628
1710,1.98420142524893
1711,2.21654808861535
1712,2.46953981113675
1713,2.25632095679496
1714,2.26976135906707
1715,2.05320069389003
1716,2.53235350239096
1717,2.55984134669481
1718,2.10316694303385
1719,2.1074295163166
1720,2.11452120351612
1721,1.89016112352828
1722,1.65877320368142
1723,1.65135920436772
1724,1.42338979729356
1725,1.41122452984265
1726,1.40046571203939
1727,1.60821920835668
1728,1.60376001848382
1729,1.59791799759678
1730,1.16375819341965
1731,1.35681749142531
1732,1.34775094336656
1733,1.55032214132744
1734,1.54611829577451
1735,1.76116588582725
1736,1.54197989065295
1737,1.75513796729328
1738,1.75660257420055
1739,1.9781730873204
1740,1.76426556757195
1741,1.76291762376001
1742,1.76297512465812
1743,1.7630326232596
1744,1.76309012432695
1745,1.76314762786271
1746,1.76320513386373
1747,1.76326264233268
1748,1.54256942303231
1749,1.53568472196564
1750,1.11247891246405
1751,1.09598711017244
1752,1.28613732582394
1753,1.70019731021383
1754,1.70307080421878
1755,1.92053540991014
1756,2.37878142192393
1757,2.40483172241317
1758,2.19416646271905
1759,2.20721332891234
1760,2.2218265350573
1761,2.0090572016105
1762,1.79031926263438
1763,1.3517495620759
1764,1.33869542798082
1765,1.54068566921063
1766,1.11767377279402
1767,1.10113140498773
1768,1.2917290345263
1769,2.37536428792822
1770,2.40593093286005
1771,2.66738845042891
1772,2.70266923448027
1773,2.49383245486818
1774,2.27602438094269
1775,1.83031072473545
1776,1.82756421451425
1777,1.82762648254161
1778,1.8276887427175
1779,1.82775100558316
1780,1.60195544485517
1781,1.59471826842055
1782,1.58890337059172
1783,1.80758392094619
1784,2.0347950138922
1785,2.04307553998544
1786,2.04996555949545
1787,2.05687772197987
1788,2.53897356710786
1789,3.07691834658059
1790,2.36384353536848
1791,2.62312562858835
1792,2.90457634528276
1793,2.18766934140016
1794,1.95414087241111
1795,1.71787058703749
1796,1.4818371340357
1797,1.46950231018371
1798,1.45857022534609
1799,1.67246251581361
1800,1.66778982196159
1801,1.66173422484217
1802,1.43247261369583
1803,1.6422246842259
1804,1.63765258104242
1805,1.63169534825635
1806,1.85373696587535
1807,1.62721607698576
1808,1.61989404990101
1809,1.61399487854759
1810,1.6081150373211
1811,1.60225448155871
1812,1.82209378382769
1813,1.82356592792331
1814,1.82362779199786
1815,1.82368966386085
1816,2.05077087131813
1817,2.05910655398353
1818,1.83803490683832
1819,2.06470840237966
1820,1.84456774960076
1821,1.84322334154777
1822,1.61609993669374
1823,1.60881221233116
1824,1.82920679548918
1825,1.83067995071483
1826,1.83074233271571
1827,1.83080472256058
1828,1.83086711507722
1829,1.60462124678434
1830,1.82321214549041
1831,2.05184691094893
1832,2.06018794621648
1833,1.83897749789184
1834,2.0657933920026
1835,2.07417926159365
1836,1.85200972596841
1837,1.85066517700766
1838,1.6229244869751
1839,1.61561291039827
1840,1.60972619187936
1841,1.38556086620041
1842,1.16175833740666
1843,0.940390858221739
1844,1.54764001070802
1845,0.921777461542529
1846,0.702275173375407
1847,1.49103887806688
1848,1.2828973299014
1849,1.06877281914707
1850,1.05439395801235
1851,1.44563722766998
1852,1.44314031780221
1853,1.43791804312245
1854,1.64270722428252
1855,1.64417090059544
1856,1.64421996846174
1857,1.64426904187369
1858,1.64431811730653
1859,1.85755091798085
1860,1.65161462701091
1861,1.6502510302511
1862,1.65030049909173
1863,1.65034996641673
1864,1.65039943577998
1865,1.86414262063871
1866,1.65771726071977
1867,1.44514480262259
1868,1.4385507392363
1869,1.64344500217071
1870,1.43475439424741
1871,1.42819311612062
1872,1.42301842474701
1873,1.21633947306057
1874,1.4061812607582
1875,1.60940486328858
1876,1.40385781338707
1877,1.39739491992628
1878,1.59824935249067
1879,1.59971049972653
1880,1.39377071244142
1881,1.59276704337416
1882,1.59422784513605
1883,1.59427366338899
1884,1.59431948661991
1885,1.59436531171319
1886,1.59441113866879
1887,1.59445696748662
1888,1.80374867826825
1889,1.81130042043526
1890,2.2484532584895
1891,2.27331578246897
1892,1.8574106079773
1893,1.86087321600783
1894,1.86718731183359
1895,1.87352172873382
1896,1.66501347421662
1897,1.87851542755008
1898,1.88631017620831
1899,1.89270620655421
1900,1.89912283427455
1901,1.90556011934487
1902,1.91201812757135
1903,1.91849692505623
1904,1.92499657820294
1905,1.71282393257337
1906,1.711462170281
1907,1.71151572866536
1908,1.71156928534421
1909,1.71162284424007
1910,1.71167640535783
1911,1.71172996869212
1912,1.71178353424792
1913,1.71183710201986
1914,1.71189067201293
1915,1.71194424422173
1916,1.71199781865129
1917,1.71205139529619
1918,1.49558923104319
1919,1.70475063593247
1920,1.70622191960368
1921,1.49029150487742
1922,1.27581062487612
1923,1.26472813002805
1924,1.25504383020608
1925,1.45017320498539
1926,1.44629456921685
1927,1.44105926539606
1928,1.03339968694057
1929,1.21562176143946
1930,1.20759422120136
1931,1.39824484197365
1932,0.999700569137816
1933,0.793772079277201
1934,1.35512311141229
1935,1.15846737661708
1936,1.14813625501958
1937,0.949358481615886
1938,1.12461741652704
1939,1.11731848398406
1940,1.29981502616349
1941,1.29645267715066
1942,1.4868004145251
1943,1.48825303870944
1944,1.48829240944004
1945,1.68891709484356
1946,1.29932427648501
1947,1.48699738744483
1948,1.2933060458711
1949,0.911450510966347
1950,1.08229231380453
1951,0.891433532062448
1952,0.699649300336088
1953,0.685388073602366
1954,0.500018987641366
1955,0.485468938935027
1956,0.325203772150353
1957,0.453825814900562
1958,1.11739470885202
1959,1.11850345777555
1960,1.29024491007964
1961,1.47339809436565
1962,1.84841783087414
1963,2.26174456941716
1964,1.52744746621124
1965,1.5272023141421
1966,1.34517508008474
1967,1.16278131984777
1968,1.33772015315539
1969,1.15848897523295
1970,0.803623600898259
1971,0.790523278189326
1972,0.780141240955029
1973,1.11201669435619
1974,1.11050174560582
1975,1.10635513596082
1976,1.63945312770157
1977,2.03047088647228
1978,2.6800616346034
1979,1.53608349084184
1980,1.16447877318214
1981,1.15748537634405
1982,0.00562153975501892
1983,-0.0099799099437905
1984,-0.0152396299400332
1985,1.03066902479077
1986,1.20531989700612
1987,1.37936605927882
1988,2.49802346572875
1989,3.01817394604351
1990,3.85994282886551
1991,2.75652950632049
1992,3.30452822071474
1993,3.40506783104971
1994,2.9808994742425
1995,2.5564551184232
1996,2.15502678966832
1997,2.85468792920325
1998,2.44251560964287
1999,1.81511403327859
2000,2.2485703451174
2001,2.27346601245068
2002,2.52433203860905
2003,2.32683762267404
2004,1.6846337116055
2005,0.860730340221302
2006,0.647493734176899
2007,0.0498488402156573
2008,-0.213644224824083
2009,-0.843417177588976
2010,-0.843131234550377
2011,-0.840094051334798
2012,0.702322643673687
2013,0.8749464890246
2014,1.20062161630708
2015,1.72628065960756
2016,2.11759383842705
2017,2.55701757043942
2018,2.61965104861499
2019,2.45884119634286
2020,2.73136784095412
2021,2.79531514712921
2022,2.40420888333816
2023,2.22908150781681
2024,2.68983142308389
2025,2.51805056394156
2026,2.12265112245311
2027,0.756348445035919
2028,0.553404503085062
2029,0.537278112076856
2030,1.24729362809774
2031,1.43844410881711
2032,1.63656292117727
2033,2.04311173005952
2034,2.06607379260768
2035,2.08626070675452
2036,1.89933353149562
2037,2.11885377041555
2038,2.14103205573846
2039,1.33889546902216
2040,1.32866231181893
2041,0.941177219039268
2042,1.50388891013026
2043,1.71075834471095
2044,1.71802201517195
2045,1.92819059732358
2046,1.53263207861967
2047,0.946650033690057
2048,0.930717036110891
2049,0.735119235473923
2050,0.331288994365134
2051,0.330085129332859
2052,0.677934980257866
2053,0.844001983332436
2054,1.19224331551345
2055,1.19058998185549
2056,1.18623295093542
2057,1.36505011882502
2058,1.74700018759355
2059,1.95529053539499
2060,1.78027544113311
2061,2.19190481204974
2062,2.43272897172858
2063,2.47262414883577
2064,2.08417894876364
2065,1.69299205749001
2066,1.69593210156342
2067,2.11230429148721
2068,2.57220830228294
2069,2.39293509469985
2070,2.42190314627842
2071,2.68023530665546
2072,2.26676767853761
2073,2.28579295632183
2074,2.08256337127913
2075,2.7895617050161
2076,2.59785997476178
2077,2.16038022539634
2078,2.171740600532
2079,1.96228939422551
2080,1.96750712277293
2081,2.19927143355283
2082,2.2153781454248
2083,2.0023403970792
2084,2.47476512739453
2085,2.74689818164766
2086,3.04224928114134
2087,3.39110020572981
2088,2.62988314968102
2089,2.15669558861217
2090,1.69117589625009
2091,1.23539193244732
2092,1.21771586121682
2093,0.990429671954982
2094,0.971555025673935
2095,0.954137650181712
2096,1.35421321969764
2097,1.13636701547338
2098,1.12090304999682
2099,1.10690884986655
2100,0.340690037536096
2101,0.0599301896657247
2102,0.628419752986761
2103,0.805957383395649
2104,0.605134793025826
2105,0.961742186797567
2106,0.764411652824667
2107,0.566938521685859
2108,0.269370517157298
2109,0.134905097203092
2110,-0.106509365780117
2111,-0.113346060839276
2112,-0.00807593076874077
2113,0.0941460629349952
2114,-0.320336289472685
2115,-0.506652451115006
2116,-0.758994796146304
2117,-0.895758059409499
2118,-0.895451239867095
2119,-0.895143035248939
2120,-0.894834944558898
2121,-0.830127654046133
2122,-0.63553749575602
2123,-0.777001834141309
2124,-0.340666130365647
2125,-0.307238010982307
2126,-0.299687843549121
2127,-0.309357642726777
2128,-0.214008342645812
2129,-0.0676052062373552
2130,0.0957318854463278
2131,0.156199552857803
2132,0.18602191515239
2133,0.195393767573783
2134,0.198520965538245
2135,0.0785270553968207
2136,0.078527152525249
2137,0.0771878232023215
2138,0.077187917488913
2139,0.0771880117738605
2140,0.318981412264858
2141,0.673988790522735
2142,1.11177252627579
2143,1.52648336402416
2144,2.0058820011627
2145,2.18653260750282
2146,2.12935912910792
2147,2.29435737720979
2148,2.53830204875626
2149,2.31609922109131
2150,1.88046526450811
2151,1.49030506597116
2152,1.65831243841847
2153,1.72205008190413
2154,1.41610546247689
2155,1.56864648942277
2156,1.4954210365728
2157,1.533196627953
2158,1.44816658627372
2159,1.47878019156927
2160,1.38221704154091
2161,1.15227475965462
2162,1.03551791091158
2163,1.56083513510978
2164,1.07020412310787
2165,0.694034057079956
2166,0.265608917510123
2167,0.301053936212412
2168,0.289299093066609
2169,0.889078922130737
2170,1.02180013441287
2171,1.15728124537192
2172,1.56227948557116
2173,1.33042697703027
2174,0.953636669142887
2175,1.21622430977877
2176,1.09851529357296
2177,1.10536001365058
2178,0.980076189312847
2179,0.852214666060242
2180,0.851039867389121
2181,0.851052014757641
2182,0.851064162049367
2183,0.851076309704346
2184,0.981396390964193
2185,1.12050438070386
2186,1.54350702629169
2187,2.02432642295025
2188,1.92237372382878
2189,1.96699253067468
2190,2.01329681343128
2191,2.06042833843225
2192,2.28990738987465
2193,2.1657585297848
2194,2.03915277087757
2195,1.90626705538656
2196,1.59669030811734
2197,1.44501507833617
2198,1.61944262444075
2199,1.30283523769063
2200,1.30476354408448
2201,1.30939069565198
2202,1.65074609677896
2203,1.66993181161758
2204,1.68657623858673
2205,1.70336369456639
2206,1.54675366442149
2207,1.73032185362777
2208,1.39767462536915
2209,1.39987198941677
2210,1.40480491328673
2211,1.40975366645473
2212,1.41471619523453
2213,1.07377568704567
2214,1.06716905479533
2215,1.06317368059872
2216,1.05919138178862
2217,1.22369783692096
2218,1.22504964839229
2219,1.39881538909267
2220,1.40511209542363
2221,1.23532640012139
2222,1.40872864753896
2223,1.06997162758107
2224,1.06337624418052
2225,1.05939312023718
2226,0.566791103437807
2227,0.872014963014514
2228,1.03049042984992
2229,1.36386468478558
2230,1.54486281244583
2231,1.91213646964144
2232,1.58066030302909
2233,1.76576684008397
2234,1.78460332040616
2235,1.80222927821436
2236,1.63895611733561
2237,1.83076158634451
2238,1.85049591344993
2239,1.86896982628238
2240,1.51510372638153
2241,1.15368235153495
2242,1.32516220892903
2243,1.14806009297307
2244,1.32048681512334
2245,1.50591322158826
2246,1.51256588511491
2247,1.51785702712186
2248,1.52316507594841
2249,1.52838300131063
2250,1.34705613428034
2251,1.34575196420611
2252,1.16571086219287
2253,0.811404260892942
2254,0.96961458095257
2255,0.792669365518013
2256,0.950271524652943
2257,0.775491892933284
2258,0.598930543778257
2259,0.749270470872054
2260,1.07372650895275
2261,1.59635841470853
2262,1.79029977866852
2263,1.44904703964157
2264,1.45138838050014
2265,1.10361879616208
2266,1.27000668390606
2267,1.2713671489952
2268,1.45014813023265
2269,1.2773320522779
2270,1.27602905586949
2271,1.10246292184872
2272,0.316991454011827
2273,-0.414627056570291
2274,-0.585556190217894
2275,-0.585355029442073
2276,-0.585153359206693
2277,0.507175305599678
2278,0.650952965105968
2279,0.917679231150553
2280,1.05881491902959
2281,1.49516428207881
2282,1.82431516143039
2283,2.37568150055245
2284,2.6421298744426
2285,2.93311971622663
2286,2.06258383333688
2287,1.75198969164034
2288,1.43954596776849
2289,1.28139269968433
2290,1.45037309544514
2291,1.2950631781825
2292,1.46534104367177
2293,1.64470335533559
2294,2.01486628695421
2295,1.52151618346289
2296,1.87798514359666
2297,2.08921881743685
2298,1.4032900000587
2299,1.40277044104017
2300,1.40771501237389
2301,2.13942448138515
2302,1.80201663697348
2303,1.45546307667715
2304,1.27836921588556
2305,1.1033179907734
2306,1.09790627174448
2307,0.434008244191632
2308,0.307468075755539
2309,0.407397156946302
2310,0.701205361020704
2311,0.854037636009838
2312,0.848469579821032
2313,1.00154972638125
2314,0.999065641921188
2315,0.679062403436998
2316,-0.112658333492709
2317,-0.027626623331784
2318,-0.0284171855737424
2319,0.148329422403063
2320,1.00043701891019
2321,1.94479048277701
2322,2.34970473978973
2323,2.04688023701976
2324,1.7418828868809
2325,0.645127811197605
2326,0.628184366235927
2327,0.620025562653831
2328,1.21818338938987
2329,1.54897569731002
2330,1.90193358222743
2331,1.76391647351388
2332,1.61634326916113
2333,1.63119525409997
2334,0.985809933871526
2335,0.512460146786008
2336,0.307463206347998
2337,0.306024455679593
2338,0.769826048336001
2339,1.07188831324244
2340,0.920969601210622
2341,0.916259240637524
2342,1.06545016715946
2343,1.22252492960523
2344,1.54943599372672
2345,1.90251811933258
2346,1.26892324034652
2347,0.306408740660725
2348,-0.0229664349326119
2349,-0.206492546686579
2350,0.0540106290640718
2351,0.139578375788005
2352,0.94745099527519
2353,1.39446080650028
2354,2.03551308981528
2355,2.64335361409906
2356,2.16292415409162
2357,1.6988157256029
2358,1.2325569021841
2359,1.39402581454036
2360,1.90173197576573
2361,1.76500813595789
2362,1.78709050270433
2363,1.81082901954652
2364,1.66082453561305
2365,1.85162361023982
2366,2.44054316257203
2367,1.92530096440088
2368,1.7623728723376
2369,1.60026211808159
2370,1.08273816921549
2371,1.24564632768928
2372,1.07612129283069
2373,1.24121517794915
2374,1.2425743473879
2375,1.07214416324673
2376,1.06682880094369
2377,1.23238885250538
2378,1.06415857263721
2379,1.05886963644509
2380,1.39750763744105
2381,1.40518155906211
2382,1.58724461052422
2383,1.77764928703838
2384,1.98397439494697
2385,1.45934988087088
2386,1.28054011961232
2387,1.2792334653757
2388,1.27926208825635
2389,1.2792907105714
2390,1.45909670069365
2391,1.46560217121768
2392,1.28993827610459
2393,1.11362883453174
2394,2.21080318288059
2395,1.866235102269
2396,1.69527065496328
2397,1.333687039221
2398,1.33103989491068
2399,1.33107106240331
2400,1.33110222733229
2401,1.15197681723754
2402,1.14639536405298
2403,0.226082870502881
2404,0.4366065219259
2405,0.917112785509463
2406,0.747501433727316
2407,0.420632759105971
2408,0.409781322379643
2409,0.863562815159769
2410,0.860488991527609
2411,0.853606450075868
2412,0.846770271469969
2413,0.839980347254246
2414,0.83323656933292
2415,0.670330410147913
2416,0.815288271547129
2417,0.655855935025752
2418,0.17182813784844
2419,0.161092525722125
2420,0.0639115501419857
2421,-0.644638212615775
2422,-0.518133181569179
2423,-0.193353289418257
2424,-0.60919614915397
2425,-0.178091895101919
2426,0.106309848655235
2427,0.108278643028
2428,0.0415618332091795
2429,0.0405307611015215
2430,-0.138271520508058
2431,-0.0757633526337316
2432,0.0427731661109756
2433,0.255478971645515
2434,0.80961163030093
2435,1.57154833263999
2436,3.02679787360239
2437,3.43080721947357
2438,4.06875624994751
2439,3.80447736431935
2440,3.45929932858512
2441,2.68048013810553
2442,2.40048803021875
2443,2.10299544883983
2444,1.97910433552073
2445,1.68391205332001
2446,1.87117903374322
2447,1.90349963731197
2448,1.9348517310532
2449,1.79201859468414
2450,1.64213920998158
2451,1.48814967138918
2452,1.49697683466108
2453,1.33659271903565
2454,1.68224107769431
2455,1.52923719391159
2456,1.36513017161815
2457,1.89572832121052
2458,1.74291395632548
2459,1.75884209241833
2460,2.34194733589179
2461,2.39210603717727
2462,2.65736089534411
2463,2.71999287825515
2464,2.55042851761077
2465,2.83376218690944
2466,2.89963714354359
2467,2.9652144167863
2468,3.03226967954896
2469,3.10084540329371
2470,3.1709794822145
2471,3.24273819113447
2472,3.03959904336834
2473,3.09704947529593
2474,2.88499246379445
2475,1.98313886385628
2476,1.98420142524893
2477,2.21654808861535
2478,2.46953981113675
2479,2.25632095679496
2480,2.26976135906707
2481,2.05320069389003
2482,2.53235350239096
2483,2.55984134669481
2484,2.10316694303385
2485,2.1074295163166
2486,2.11452120351612
2487,1.89016112352828
2488,1.65877320368142
2489,1.65135920436772
2490,1.42338979729356
2491,1.41122452984265
2492,1.40046571203939
2493,1.60821920835668
2494,1.60376001848382
2495,1.59791799759678
2496,1.16375819341965
2497,1.35681749142531
2498,1.34775094336656
2499,1.55032214132744
2500,1.54611829577451
2501,1.76116588582725
2502,1.54197989065295
2503,1.75513796729328
2504,1.75660257420055
2505,1.9781730873204
2506,1.76426556757195
2507,1.76291762376001
2508,1.76297512465812
2509,1.7630326232596
2510,1.76309012432695
2511,1.76314762786271
2512,1.76320513386373
2513,1.76326264233268
2514,1.54256942303231
2515,1.53568472196564
2516,1.11247891246405
2517,1.09598711017244
2518,1.28613732582394
2519,1.70019731021383
2520,1.70307080421878
2521,1.92053540991014
2522,2.37878142192393
2523,2.40483172241317
2524,2.19416646271905
2525,2.20721332891234
2526,2.2218265350573
2527,2.0090572016105
2528,1.79031926263438
2529,1.3517495620759
2530,1.33869542798082
2531,1.54068566921063
2532,1.11767377279402
2533,1.10113140498773
2534,1.2917290345263
2535,2.37536428792822
2536,2.40593093286005
2537,2.66738845042891
2538,2.70266923448027
2539,2.49383245486818
2540,2.27602438094269
2541,1.83031072473545
2542,1.82756421451425
2543,1.82762648254161
2544,1.8276887427175
2545,1.82775100558316
2546,1.60195544485517
2547,1.59471826842055
2548,1.58890337059172
2549,1.80758392094619
2550,2.0347950138922
2551,2.04307553998544
2552,2.04996555949545
2553,2.05687772197987
2554,2.53897356710786
2555,3.07691834658059
2556,2.36384353536848
2557,2.62312562858835
2558,2.90457634528276
2559,2.18766934140016
2560,1.95414087241111
2561,1.71787058703749
2562,1.4818371340357
2563,1.46950231018371
2564,1.45857022534609
2565,1.67246251581361
2566,1.66778982196159
2567,1.66173422484217
2568,1.43247261369583
2569,1.6422246842259
2570,1.63765258104242
2571,1.63169534825635
2572,1.85373696587535
2573,1.62721607698576
2574,1.61989404990101
2575,1.61399487854759
2576,1.6081150373211
2577,1.60225448155871
2578,1.82209378382769
2579,1.82356592792331
2580,1.82362779199786
2581,1.82368966386085
2582,2.05077087131813
2583,2.05910655398353
2584,1.83803490683832
2585,2.06470840237966
2586,1.84456774960076
2587,1.84322334154777
2588,1.61609993669374
2589,1.60881221233116
2590,1.82920679548918
2591,1.83067995071483
2592,1.83074233271571
2593,1.83080472256058
2594,1.83086711507722
2595,1.60462124678434
2596,1.82321214549041
2597,2.05184691094893
2598,2.06018794621648
2599,1.83897749789184
2600,2.0657933920026
2601,2.07417926159365
2602,1.85200972596841
2603,1.85066517700766
2604,1.6229244869751
2605,1.61561291039827
2606,1.60972619187936
2607,1.38556086620041
2608,1.16175833740666
2609,0.940390858221739
2610,1.54764001070802
2611,0.921777461542529
2612,0.702275173375407
2613,1.49103887806688
2614,1.2828973299014
2615,1.06877281914707
2616,1.05439395801235
2617,1.44563722766998
2618,1.44314031780221
2619,1.43791804312245
2620,1.64270722428252
2621,1.64417090059544
2622,1.64421996846174
2623,1.64426904187369
2624,1.64431811730653
2625,1.85755091798085
2626,1.65161462701091
2627,1.6502510302511
2628,1.65030049909173
2629,1.65034996641673
2630,1.65039943577998
2631,1.86414262063871
2632,1.65771726071977
2633,1.44514480262259
2634,1.4385507392363
2635,1.64344500217071
2636,1.43475439424741
2637,1.42819311612062
2638,1.42301842474701
2639,1.21633947306057
2640,1.4061812607582
2641,1.60940486328858
2642,1.40385781338707
2643,1.39739491992628
2644,1.59824935249067
2645,1.59971049972653
2646,1.39377071244142
2647,1.59276704337416
2648,1.59422784513605
2649,1.59427366338899
2650,1.59431948661991
2651,1.59436531171319
2652,1.59441113866879
2653,1.59445696748662
2654,1.80374867826825
2655,1.81130042043526
2656,2.2484532584895
2657,2.27331578246897
2658,1.8574106079773
2659,1.86087321600783
2660,1.86718731183359
2661,1.87352172873382
2662,1.66501347421662
2663,1.87851542755008
2664,1.88631017620831
2665,1.89270620655421
2666,1.89912283427455
2667,1.90556011934487
2668,1.91201812757135
2669,1.91849692505623
2670,1.92499657820294
2671,1.71282393257337
2672,1.711462170281
2673,1.71151572866536
2674,1.71156928534421
2675,1.71162284424007
2676,1.71167640535783
2677,1.71172996869212
2678,1.71178353424792
2679,1.71183710201986
2680,1.71189067201293
2681,1.71194424422173
2682,1.71199781865129
2683,1.71205139529619
2684,1.49558923104319
2685,1.70475063593247
2686,1.70622191960368
2687,1.49029150487742
2688,1.27581062487612
2689,1.26472813002805
2690,1.25504383020608
2691,1.45017320498539
2692,1.44629456921685
2693,1.44105926539606
2694,1.03339968694057
2695,1.21562176143946
2696,1.20759422120136
2697,1.39824484197365
2698,0.999700569137816
2699,0.793772079277201
2700,1.35512311141229
2701,1.15846737661708
2702,1.14813625501958
2703,0.949358481615886
2704,1.12461741652704
2705,1.11731848398406
2706,1.29981502616349
2707,1.29645267715066
2708,1.4868004145251
2709,1.48825303870944
2710,1.48829240944004
2711,1.68891709484356
2712,1.29932427648501
2713,1.48699738744483
2714,1.2933060458711
2715,0.911450510966347
2716,1.08229231380453
2717,0.891433532062448
2718,0.699649300336088
2719,0.685388073602366
2720,0.500018987641366
2721,0.485468938935027
2722,0.325203772150353
2723,0.453825814900562
2724,1.11739470885202
2725,1.11850345777555
2726,1.29024491007964
2727,1.47339809436565
2728,1.84841783087414
2729,2.26174456941716
2730,1.52744746621124
2731,1.5272023141421
2732,1.34517508008474
2733,1.16278131984777
2734,1.33772015315539
2735,1.15848897523295
2736,0.803623600898259
2737,0.790523278189326
2738,0.780141240955029
2739,1.11201669435619
2740,1.11050174560582
2741,1.10635513596082
2742,1.63945312770157
2743,2.03047088647228
2744,2.6800616346034
2745,1.53608349084184
2746,1.16447877318214
2747,1.15748537634405
2748,0.00562153975501892
2749,-0.0099799099437905
2750,-0.0152396299400332
2751,1.03066902479077
2752,1.20531989700612
2753,1.37936605927882
2754,2.49802346572875
2755,3.01817394604351
2756,3.85994282886551
2757,2.75652950632049
2758,3.30452822071474
2759,3.40506783104971
2760,2.9808994742425
2761,2.5564551184232
2762,2.15502678966832
2763,2.85468792920325
2764,2.44251560964287
2765,1.81511403327859
2766,2.2485703451174
2767,2.27346601245068
2768,2.52433203860905
2769,2.32683762267404
2770,1.6846337116055
2771,0.860730340221302
2772,0.647493734176899
2773,0.0498488402156573
2774,-0.213644224824083
2775,-0.843417177588976
2776,-0.843131234550377
2777,-0.840094051334798
2778,0.702322643673687
2779,0.8749464890246
2780,1.20062161630708
2781,1.72628065960756
2782,2.11759383842705
2783,2.55701757043942
2784,2.61965104861499
2785,2.45884119634286
2786,2.73136784095412
2787,2.79531514712921
2788,2.40420888333816
2789,2.22908150781681
2790,2.68983142308389
2791,2.51805056394156
2792,2.12265112245311
2793,0.756348445035919
2794,0.553404503085062
2795,0.537278112076856
2796,1.24729362809774
2797,1.43844410881711
2798,1.63656292117727
2799,2.04311173005952
2800,2.06607379260768
2801,2.08626070675452
2802,1.89933353149562
2803,2.11885377041555
2804,2.14103205573846
2805,1.33889546902216
2806,1.32866231181893
2807,0.941177219039268
2808,1.50388891013026
2809,1.71075834471095
2810,1.71802201517195
2811,1.92819059732358
2812,1.53263207861967
2813,0.946650033690057
2814,0.930717036110891
2815,0.735119235473923
2816,0.331288994365134
2817,0.330085129332859
2818,0.677934980257866
2819,0.844001983332436
2820,1.19224331551345
2821,1.19058998185549
2822,1.18623295093542
2823,1.36505011882502
2824,1.74700018759355
2825,1.95529053539499
2826,1.78027544113311
2827,2.19190481204974
2828,2.43272897172858
2829,2.47262414883577
2830,2.08417894876364
2831,1.69299205749001
2832,1.69593210156342
2833,2.11230429148721
2834,2.57220830228294
2835,2.39293509469985
2836,2.42190314627842
2837,2.68023530665546
2838,2.26676767853761
2839,2.28579295632183
2840,2.08256337127913
2841,2.7895617050161
2842,2.59785997476178
2843,2.16038022539634
2844,2.171740600532
2845,1.96228939422551
2846,1.96750712277293
2847,2.19927143355283
2848,2.2153781454248
2849,2.0023403970792
2850,2.47476512739453
2851,2.74689818164766
2852,3.04224928114134
2853,3.39110020572981
2854,2.62988314968102
2855,2.15669558861217
2856,1.69117589625009
2857,1.23539193244732
2858,1.21771586121682
2859,0.990429671954982
2860,0.971555025673935
2861,0.954137650181712
2862,1.35421321969764
2863,1.13636701547338
2864,1.12090304999682
2865,1.10690884986655
2866,0.340690037536096
2867,0.0599301896657247
2868,0.628419752986761
2869,0.805957383395649
2870,0.605134793025826
2871,0.961742186797567
2872,0.764411652824667
2873,0.566938521685859
2874,0.269370517157298
2875,0.134905097203092
2876,-0.106509365780117
2877,-0.113346060839276
2878,-0.00807593076874077
2879,0.0941460629349952
2880,-0.320336289472685
2881,-0.506652451115006
2882,-0.758994796146304
2883,-0.895758059409499
2884,-0.895451239867095
2885,-0.895143035248939
2886,-0.894834944558898
2887,-0.830127654046133
2888,-0.63553749575602
2889,-0.777001834141309
2890,-0.340666130365647
2891,-0.307238010982307
2892,-0.299687843549121
2893,-0.309357642726777
2894,-0.214008342645812
2895,-0.0676052062373552
2896,0.0957318854463278
2897,0.156199552857803
2898,0.18602191515239
2899,0.195393767573783
2900,0.198520965538245
2901,0.0785270553968207
2902,0.078527152525249
2903,0.0771878232023215
2904,0.077187917488913
2905,0.0771880117738605
2906,0.077188106059144
2907,0.0771882003447633
2908,0.0771882946307197
2909,0.34256636798903
2910,0.209705815049181
2911,0.213313039077995
2912,0.232343665047286
2913,1.0094588600262
2914,4.21441282689094
2915,6.34884310609486
2916,6.71932906910802
2917,0.161949840507216
2918,4.60041934212569
2919,6.62210201707813
2920,4.09123318367188
2921,3.64745610263031
2922,3.89185101860796
2923,3.34572063617356
2924,5.38759326457694
2925,4.04854946846605
2926,1.76721762931637
2927,0.0832026117243293
2928,0.0652648146369784
2929,-0.543077054324004
2930,-0.210100723372741
2931,0.0463492567731422
2932,0.887718274926359
2933,2.05947255089636
2934,0.39887045890849
2935,0.906541385903217
2936,-0.544293525787588
2937,-0.544105544046516
2938,-0.543918357968926
2939,-0.543731238240789
2940,-0.543544184833602
2941,-0.543357197722112
2942,-0.364520396368144
2943,0.101824714767141
2944,0.193843120560754
2945,0.0772581299460272
2946,0.0772582242241326
2947,0.0772583185323874
2948,0.0772584128409786
2949,0.0772585071499071
2950,0.0772586014591716
2951,0.0772586957687749
2952,0.234724856800233
2953,2.49521987427205
2954,3.4403850643625
2955,2.696281330109
2956,4.06078417412736
2957,6.9858619481669
2958,7.03791631357906
2959,4.14510789538693
2960,7.02039193997489
2961,7.59313339058924
2962,7.58783957966199
2963,7.58205586164343
2964,4.8376333594868
2965,5.80397387536347
2966,5.52405311595144
2967,6.23695355800631
2968,5.15795479635961
2969,4.71365356436486
2970,3.63646844285074
2971,1.09906337832226
2972,1.90994930091853
2973,0.883054626539497
2974,0.330800225432755
2975,0.317829807389118
2976,1.18689631014109
2977,2.0020130564219
2978,1.19908225878749
2979,0.30672316532775
2980,-0.328889687150187
2981,0.900999611214324
2982,1.27394175773618
2983,1.27199106479585
2984,1.65578188909986
2985,1.66422342694906
2986,2.49497307454508
2987,3.55344434944524
2988,5.56690553027922
2989,7.53985692381314
2990,7.53572560096793
2991,7.53008089095354
2992,7.5244504201908
2993,7.51883478869347
2994,7.51323393399754
2995,7.50764779372393
2996,7.50207630586251
2997,7.49651940876942
2998,7.49097704116427
2999,7.48544914212742
3000,3.16123251474942
3001,-0.612428239562055
3002,-0.612193627164422
3003,-0.611984967384705
3004,-0.245887886191226
3005,-0.261423562850742
3006,-0.611602875687152
3007,-0.611395597943721
3008,-0.61118722093858
3009,-0.610978917818101
3010,-0.610770688560667
3011,-0.610562533137633
3012,-0.610354451520366
3013,-0.610146443680267
3014,-0.609938509588722
3015,-0.609730649217154
3016,-0.609522862536972
3017,-0.609315149519629
3018,-0.609107510136573
3019,-0.202906003142401
3020,-0.183570936019164
3021,-0.316478128901422
3022,-0.608660180236715
3023,-0.608453787898215
3024,-0.608246453296464
3025,-0.608039192176475
3026,-0.6078320045158
3027,-0.250176898241378
3028,0.0871514030861115
3029,0.184352342808757
3030,0.193431569615515
3031,0.195439300784033
3032,0.0774954153249424
3033,0.0774955093517046
3034,0.077495603476583
3035,0.0774956976018008
3036,0.077495791727359
3037,0.0774958858532575
3038,0.0774959799794965
3039,0.420157187423251
3040,2.10617575952003
3041,4.63515594404711
3042,7.47590121506429
3043,7.47240619462743
3044,7.46692750902651
3045,7.46146218920854
3046,7.45601101716029
3047,7.45057393454534
3048,7.4451508830155
3049,7.43974180456117
3050,7.41725151444904
3051,3.03106411870537
3052,4.14057529880371
3053,2.95497240988033
3054,2.31465766842658
3055,2.33963294287144
3056,3.35273076732427
3057,1.58385211859135
3058,1.57271979614662
3059,3.43250616843136
3060,6.69637506081882
3061,3.1672615477334
3062,5.14589743379776
3063,2.54761283460384
3064,5.40764355940704
3065,2.67159057031181
3066,2.6835752403195
3067,2.70916600995352
3068,0.302519373806253
3069,-0.585344772080163
3070,1.37603843730337
3071,1.1705908599766
3072,0.745728278457461
3073,2.22224245884964
3074,0.0974857327489379
3075,2.63527899992337
3076,0.92375411311752
3077,1.51265026740546
3078,1.09673591288923
3079,2.14641575323169
3080,2.16809050380955
3081,1.31072863963495
3082,1.09095171444958
3083,1.48694951637613
3084,1.48430360975936
3085,-0.191048752104607
3086,0.444558742833704
3087,2.44865175057611
3088,-0.6580522816079
3089,7.38785020829052
3090,5.8440870673702
3091,5.33449882626053
3092,4.48253682634659
3093,2.06562016402992
3094,5.76114469343124
3095,3.19180495608384
3096,5.3013397066283
3097,3.06125978652017
3098,3.38916042266899
3099,3.77656509992925
3100,2.13784124826761
3101,2.64373343084113
3102,0.963176461037635
3103,2.87834358966956
3104,3.84818761328328
3105,1.21338957882282
3106,2.39055142498892
3107,2.67172810772396
3108,5.89705476594118
3109,1.75461228676778
3110,2.76446626086166
3111,2.78848666315775
3112,2.80670418012882
3113,3.40712944102431
3114,3.45609010524766
3115,4.60989007728307
3116,2.40887646701355
3117,3.57865409556738
3118,-0.690927077386938
3119,0.99698052716729
3120,3.0119303028748
3121,2.77364140678909
3122,1.2628695725291
3123,3.99366073427843
3124,2.0173735362
3125,1.50227410031581
3126,3.0447265240345
3127,0.349297235090453
3128,3.94772958774995
3129,1.99648746673051
3130,2.49579288621846
3131,1.73643185185608
3132,2.75878659901303
3133,0.579686108843823
3134,2.43800411282129
3135,3.62015649592081
3136,2.50517405464393
3137,3.06219030949385
3138,3.73329982201797
3139,3.14710749589786
3140,-0.0631412150037118
3141,2.76359814270645
3142,-0.0829515060754678
3143,3.90577864199639
3144,0.792023287640236
3145,3.91709945345322
3146,1.72469832052432
3147,0.998352772476406
3148,2.41826413003597
3149,1.92861583318326
3150,2.9658312940311
3151,2.45465484681577
3152,1.94961246685355
3153,0.348669113843706
3154,2.12361808345352
3155,3.20182980190845
3156,1.91957269032898
3157,0.744853830405112
3158,2.61672836269977
3159,1.8831371064909
3160,2.11968102437989
3161,2.37099758432563
3162,1.40264446825189
3163,3.15778245792036
3164,2.9287389387327
3165,0.97161777847419
3166,2.11459781914806
3167,2.3716098245497
3168,0.950255595926858
3169,4.85844054890525
3170,2.17076938823758
3171,0.96807000699429
3172,3.48785588001114
3173,1.1997376014075
3174,1.39682156682562
3175,1.61480173329794
3176,1.84550903780319
3177,2.85890079495784
3178,2.11247825518512
3179,2.10838715302304
3180,1.86187922991507
3181,3.15378265789762
3182,1.64286330822676
3183,2.11312195860247
3184,2.62877968723206
3185,2.9193457294767
3186,1.90690483253309
3187,5.8444110363472
3188,4.03720896504211
3189,3.74929850564316
3190,3.15524060324685
3191,5.00845831329852
3192,2.97666842645036
3193,5.63369850573136
3194,3.08624286138017
3195,3.40273478163611
3196,5.44074791916295
3197,2.61479937117021
3198,4.27591106992756
3199,3.59051019825947
3200,3.62260086301071
3201,7.24050248952753
3202,7.23770208848804
3203,7.23280955998944
3204,5.14012250505119
3205,1.81680640189189
3206,2.97137146421821
3207,2.36267319148962
3208,4.86267924827688
3209,4.07197273464464
3210,2.7225177676322
3211,0.498265294065204
3212,1.7406364402069
3213,1.99949086044809
3214,2.86471231327039
3215,2.27095387052617
3216,3.16390319201162
3217,2.86100427412381
3218,3.50497595893473
3219,6.85074383315336
3220,4.90671727562119
3221,7.19935923134914
3222,7.1960207420277
3223,7.19122785639133
3224,7.18644590154765
3225,7.18167535478379
3226,7.17691617291868
3227,7.17216831281795
3228,-0.676482249884405
3229,2.06155174597498
3230,7.16432078012646
3231,7.16205564776173
3232,7.15734388037458
3233,7.15264240162811
3234,7.14795202630899
3235,7.1432727129662
3236,5.25133210163518
3237,5.9683836011569
3238,3.95820598676555
3239,1.22202091080877
3240,3.83183185433616
3241,2.40497798860187
3242,2.36097859925627
3243,0.336366874363597
3244,0.286089729458583
3245,-0.818240643201497
3246,-0.817969852100898
3247,-0.817695219829394
3248,-0.817420686669195
3249,-0.21507029902653
3250,3.31250266392022
3251,0.935559627408058
3252,1.88411922389355
3253,3.27703289596965
3254,2.17106416261321
3255,6.18292464802025
3256,3.42561861191081
3257,5.96610900671636
3258,2.63048620756386
3259,3.91224493553257
3260,1.29337941678404
3261,2.32035266564597
3262,2.31767655667417
3263,0.341290237170738
3264,0.705323085500054
3265,1.6445052551344
3266,1.38026639065226
3267,3.25600851792002
3268,3.62637892220387
3269,1.40737738334135
3270,3.2879571979671
3271,4.83639857397652
3272,4.13911425886557
3273,3.81975049549565
3274,3.19314876574583
3275,3.89346286525413
3276,3.95084636986323
3277,1.83140939157109
3278,5.71043716623012
3279,2.73334161397207
3280,2.72242128181863
3281,4.9192655780819
3282,4.16455099217348
3283,3.46500531208087
3284,3.83588491209668
3285,1.16720623439449
3286,3.78404176824998
3287,1.95705276769547
3288,1.1261523477012
3289,3.37391801424853
3290,3.4080636804929
3291,1.3789372167783
3292,1.87193306483809
3293,4.90094192549626
3294,2.19380054999583
3295,2.16751227649429
3296,4.08331657080376
3297,3.75366553954019
3298,2.80515322655788
3299,2.80114235535526
3300,6.0854131030964
3301,2.2871191300432
3302,3.17665254530408
3303,2.27016392008456
3304,3.49518419193101
3305,3.88198010919707
3306,3.22717683817984
3307,1.45498719170917
3308,4.26977207426921
3309,4.79227591527206
3310,3.62281891286628
3311,5.93270910912836
3312,2.12340596043232
3313,3.00856060858659
3314,2.38964698645641
3315,2.67231358104275
3316,2.66451030472849
3317,5.92995562522133
3318,3.73734387274202
3319,4.60027571678456
3320,0.14776830558378
3321,1.2258037217119
3322,1.19523230390958
3323,1.42234461754269
3324,3.13526873653586
3325,4.24297827311244
3326,0.914365646045041
3327,6.0882631692262
3328,0.67407591011154
3329,3.11118164954662
3330,-0.113701831578836
3331,1.83005017251052
3332,1.04427089468377
3333,2.91350733103886
3334,2.34686568667825
3335,1.26224543628148
3336,1.48148135212855
3337,3.13285665984937
3338,2.85825775030023
3339,2.57029038624239
3340,1.48173799782039
3341,1.9766619433241
3342,0.711712894624343
3343,3.33175039480424
3344,1.42375497002274
3345,3.02340236667876
3346,1.1643868210382
3347,2.99267430827218
3348,0.908437226594931
3349,-0.904982915200967
3350,2.08561550487478
3351,0.342753010531994
3352,1.34995126982555
3353,2.82884591125155
3354,1.3648704561377
3355,2.82908885673544
3356,2.08633647173556
3357,3.13753027709897
3358,2.11657772345333
3359,2.11100537197436
3360,2.11108823047997
3361,3.17841825022881
3362,1.17934400483341
3363,3.17206156488084
3364,3.22636594320007
3365,1.20042052609098
3366,3.21340053370238
3367,1.2005101714872
3368,3.2137109903144
3369,2.17603008844724
3370,3.2621548346679
3371,1.22191037009872
3372,1.19024587428576
3373,-0.127733378202735
3374,-0.870503870926639
3375,0.347981671958416
3376,-0.920279078123459
3377,-0.210566079914832
3378,-0.830909913951366
3379,-0.919627615893169
3380,-0.919320485817415
3381,0.615376491912021
3382,-0.32321955764834
3383,-0.919101993715406
3384,-0.918799244790806
3385,-0.918491358421156
3386,-0.91818358479635
3387,-0.504951367975021
3388,-0.917703959788744
3389,-0.917400559028962
3390,-0.917093184570904
3391,0.202362161431615
3392,-0.496280388275397
3393,-0.448963971662085
3394,-0.163611817813313
3395,0.0954787256799241
3396,0.194461833628399
3397,0.0786353137508166
3398,0.0786354082647067
3399,0.0786355032072741
3400,0.0786355981501989
3401,0.0786356930934833
3402,0.078635788037126
3403,0.0786358829811269
3404,0.349264180538729
3405,0.757020593545824
3406,2.17884270769401
3407,3.62188450092429
3408,5.08175624687634
3409,5.38851563587785
3410,3.60295064490318
3411,1.13817313549474
3412,-0.240332963583243
3413,-0.499530262515531
3414,-0.593003680616473
3415,-0.923158400909233
3416,-0.900448182975731
3417,-0.301747043681891
3418,0.390467273029711
3419,1.66996943494996
3420,2.84595060739741
3421,4.11255645013841
3422,5.10953263871824
3423,3.89621498566259
3424,2.17188808263054
3425,0.349146690151996
3426,-0.801240412369186
3427,-0.928570903588862
3428,-0.928261454433368
3429,-0.828716861850936
3430,-0.39615337996726
3431,0.0898910401774787
3432,0.110912423665522
3433,0.192270970114712
3434,0.244916360520718
3435,1.23075436694752
3436,2.39507411640312
3437,3.6516080118954
3438,5.07172854796691
3439,5.48720147107007
3440,2.60145204431007
3441,0.926969781086586
3442,0.0119553046516448
3443,-0.793936996066839
3444,-0.934087112102519
3445,-0.933776060183895
3446,-0.754620944178935
3447,-0.121086864110909
3448,0.14604995135996
3449,0.195831259337761
3450,1.80547670787382
3451,2.82764192405182
3452,3.42134366996112
3453,4.66099808934059
3454,5.26474477956234
3455,6.03237417777539
3456,0.49392591670948
3457,-0.940764240521626
3458,-0.940454717468367
3459,-0.940139960402592
3460,-0.696126615977076
3461,-0.327456196455968
3462,0.0643471983515916
3463,0.190353640779034
3464,0.0787214303065576
3465,0.0787215248356149
3466,0.0787216197967214
3467,0.0787217147581849
3468,0.0787218097200079
3469,0.0787219046821918
3470,0.078721999644735
3471,0.26289689343838
3472,1.33358742640565
3473,3.14242577967541
3474,5.88258983751125
3475,5.43029508179114
3476,6.6509819216457
3477,6.93001296992001
3478,6.92600952150556
3479,6.92183213530302
3480,6.91766388460786
3481,6.91350479164726
3482,6.90935482460166
3483,6.90521395179092
3484,6.90108214168937
3485,0.948332673400746
3486,-0.962889464314896
3487,-0.962569781773843
3488,-0.962248293381415
3489,-0.961926923459916
3490,-0.961605671988845
3491,-0.961284538916348
3492,-0.960963524190603
3493,-0.96064262775982
3494,-0.960321849572235
3495,-0.592131859946511
3496,0.0815953415020462
3497,0.19365581540991
3498,0.0787988125536722
3499,0.0787989069103923
3500,0.0787990017414117
3501,0.0787990965727893
3502,0.0787991914045276
3503,0.0787992862366265
3504,0.0771878232023215
3505,0.077187917488913
3506,0.0771880117738605
3507,0.318981412264858
3508,0.673988790522735
3509,1.11177252627579
3510,1.52648336402416
3511,2.0058820011627
3512,2.18653260750282
3513,2.12935912910792
3514,2.29435737720979
3515,2.53830204875626
3516,2.31609922109131
3517,1.88046526450811
3518,1.49030506597116
3519,1.65831243841847
3520,1.72205008190413
3521,1.41610546247689
3522,1.56864648942277
3523,1.4954210365728
3524,1.533196627953
3525,1.44816658627372
3526,1.47878019156927
3527,1.38221704154091
3528,1.15227475965462
3529,1.03551791091158
3530,1.56083513510978
3531,1.07020412310787
3532,0.694034057079956
3533,0.265608917510123
3534,0.301053936212412
3535,0.289299093066609
3536,0.889078922130737
3537,1.02180013441287
3538,1.15728124537192
3539,1.56227948557116
3540,1.33042697703027
3541,0.953636669142887
3542,1.21622430977877
3543,1.09851529357296
3544,1.10536001365058
3545,0.980076189312847
3546,0.852214666060242
3547,0.851039867389121
3548,0.851052014757641
3549,0.851064162049367
3550,0.851076309704346
3551,0.981396390964193
3552,1.12050438070386
3553,1.54350702629169
3554,2.02432642295025
3555,1.92237372382878
3556,1.96699253067468
3557,2.01329681343128
3558,2.06042833843225
3559,2.28990738987465
3560,2.1657585297848
3561,2.03915277087757
3562,1.90626705538656
3563,1.59669030811734
3564,1.44501507833617
3565,1.61944262444075
3566,1.30283523769063
3567,1.30476354408448
3568,1.30939069565198
3569,1.65074609677896
3570,1.66993181161758
3571,1.68657623858673
3572,1.70336369456639
3573,1.54675366442149
3574,1.73032185362777
3575,1.39767462536915
3576,1.39987198941677
3577,1.40480491328673
3578,1.40975366645473
3579,1.41471619523453
3580,1.07377568704567
3581,1.06716905479533
3582,1.06317368059872
3583,1.05919138178862
3584,1.22369783692096
3585,1.22504964839229
3586,1.39881538909267
3587,1.40511209542363
3588,1.23532640012139
3589,1.40872864753896
3590,1.06997162758107
3591,1.06337624418052
3592,1.05939312023718
3593,0.566791103437807
3594,0.872014963014514
3595,1.03049042984992
3596,1.36386468478558
3597,1.54486281244583
3598,1.91213646964144
3599,1.58066030302909
3600,1.76576684008397
3601,1.78460332040616
3602,1.80222927821436
3603,1.63895611733561
3604,1.83076158634451
3605,1.85049591344993
3606,1.86896982628238
3607,1.51510372638153
3608,1.15368235153495
3609,1.32516220892903
3610,1.14806009297307
3611,1.32048681512334
3612,1.50591322158826
3613,1.51256588511491
3614,1.51785702712186
3615,1.52316507594841
3616,1.52838300131063
3617,1.34705613428034
3618,1.34575196420611
3619,1.16571086219287
3620,0.811404260892942
3621,0.96961458095257
3622,0.792669365518013
3623,0.950271524652943
3624,0.775491892933284
3625,0.598930543778257
3626,0.749270470872054
3627,1.07372650895275
3628,1.59635841470853
3629,1.79029977866852
3630,1.44904703964157
3631,1.45138838050014
3632,1.10361879616208
3633,1.27000668390606
3634,1.2713671489952
3635,1.45014813023265
3636,1.2773320522779
3637,1.27602905586949
3638,1.10246292184872
3639,0.316991454011827
3640,-0.414627056570291
3641,-0.585556190217894
3642,-0.585355029442073
3643,-0.585153359206693
3644,0.507175305599678
3645,0.650952965105968
3646,0.917679231150553
3647,1.05881491902959
3648,1.49516428207881
3649,1.82431516143039
3650,2.37568150055245
3651,2.6421298744426
3652,2.93311971622663
3653,2.06258383333688
3654,1.75198969164034
3655,1.43954596776849
3656,1.28139269968433
3657,1.45037309544514
3658,1.2950631781825
3659,1.46534104367177
3660,1.64470335533559
3661,2.01486628695421
3662,1.52151618346289
3663,1.87798514359666
3664,2.08921881743685
3665,1.4032900000587
3666,1.40277044104017
3667,1.40771501237389
3668,2.13942448138515
3669,1.80201663697348
3670,1.45546307667715
3671,1.27836921588556
3672,1.1033179907734
3673,1.09790627174448
3674,0.434008244191632
3675,0.307468075755539
3676,0.407397156946302
3677,0.701205361020704
3678,0.854037636009838
3679,0.848469579821032
3680,1.00154972638125
3681,0.999065641921188
3682,0.679062403436998
3683,-0.112658333492709
3684,-0.027626623331784
3685,-0.0284171855737424
3686,0.148329422403063
3687,1.00043701891019
3688,1.94479048277701
3689,2.34970473978973
3690,2.04688023701976
3691,1.7418828868809
3692,0.645127811197605
3693,0.628184366235927
3694,0.620025562653831
3695,1.21818338938987
3696,1.54897569731002
3697,1.90193358222743
3698,1.76391647351388
3699,1.61634326916113
3700,1.63119525409997
3701,0.985809933871526
3702,0.512460146786008
3703,0.307463206347998
3704,0.306024455679593
3705,0.769826048336001
3706,1.07188831324244
3707,0.920969601210622
3708,0.916259240637524
3709,1.06545016715946
3710,1.22252492960523
3711,1.54943599372672
3712,1.90251811933258
3713,1.26892324034652
3714,0.306408740660725
3715,-0.0229664349326119
3716,-0.206492546686579
3717,0.0540106290640718
3718,0.139578375788005
3719,0.94745099527519
3720,1.39446080650028
3721,2.03551308981528
3722,2.64335361409906
3723,2.16292415409162
3724,1.6988157256029
3725,1.2325569021841
3726,1.39402581454036
3727,1.90173197576573
3728,1.76500813595789
3729,1.78709050270433
3730,1.81082901954652
3731,1.66082453561305
3732,1.85162361023982
3733,2.44054316257203
3734,1.92530096440088
3735,1.7623728723376
3736,1.60026211808159
3737,1.08273816921549
3738,1.24564632768928
3739,1.07612129283069
3740,1.24121517794915
3741,1.2425743473879
3742,1.07214416324673
3743,1.06682880094369
3744,1.23238885250538
3745,1.06415857263721
3746,1.05886963644509
3747,1.39750763744105
3748,1.40518155906211
3749,1.58724461052422
3750,1.77764928703838
3751,1.98397439494697
3752,1.45934988087088
3753,1.28054011961232
3754,1.2792334653757
3755,1.27926208825635
3756,1.2792907105714
3757,1.45909670069365
3758,1.46560217121768
3759,1.28993827610459
3760,1.11362883453174
3761,2.21080318288059
3762,1.866235102269
3763,1.69527065496328
3764,1.333687039221
3765,1.33103989491068
3766,1.33107106240331
3767,1.33110222733229
3768,1.15197681723754
3769,1.14639536405298
3770,0.226082870502881
3771,0.4366065219259
3772,0.917112785509463
3773,0.747501433727316
3774,0.420632759105971
3775,0.409781322379643
3776,0.863562815159769
3777,0.860488991527609
3778,0.853606450075868
3779,0.846770271469969
3780,0.839980347254246
3781,0.83323656933292
3782,0.670330410147913
3783,0.815288271547129
3784,0.655855935025752
3785,0.17182813784844
3786,0.161092525722125
3787,0.0639115501419857
3788,-0.644638212615775
3789,-0.518133181569179
3790,-0.193353289418257
3791,-0.60919614915397
3792,-0.178091895101919
3793,0.106309848655235
3794,0.108278643028
3795,0.0415618332091795
3796,0.0405307611015215
3797,-0.138271520508058
3798,-0.0757633526337316
3799,0.0427731661109756
3800,0.255478971645515
3801,0.80961163030093
3802,1.57154833263999
3803,3.02679787360239
3804,3.43080721947357
3805,4.06875624994751
3806,3.80447736431935
3807,3.45929932858512
3808,2.68048013810553
3809,2.40048803021875
3810,2.10299544883983
3811,1.97910433552073
3812,1.68391205332001
3813,1.87117903374322
3814,1.90349963731197
3815,1.9348517310532
3816,1.79201859468414
3817,1.64213920998158
3818,1.48814967138918
3819,1.49697683466108
3820,1.33659271903565
3821,1.68224107769431
3822,1.52923719391159
3823,1.36513017161815
3824,1.89572832121052
3825,1.74291395632548
3826,1.75884209241833
3827,2.34194733589179
3828,2.39210603717727
3829,2.65736089534411
3830,2.71999287825515
3831,2.55042851761077
3832,2.83376218690944
3833,2.89963714354359
3834,2.9652144167863
3835,3.03226967954896
3836,3.10084540329371
3837,3.1709794822145
3838,3.24273819113447
3839,3.03959904336834
3840,3.09704947529593
3841,2.88499246379445
3842,1.98313886385628
3843,1.98420142524893
3844,2.21654808861535
3845,2.46953981113675
3846,2.25632095679496
3847,2.26976135906707
3848,2.05320069389003
3849,2.53235350239096
3850,2.55984134669481
3851,2.10316694303385
3852,2.1074295163166
3853,2.11452120351612
3854,1.89016112352828
3855,1.65877320368142
3856,1.65135920436772
3857,1.42338979729356
3858,1.41122452984265
3859,1.40046571203939
3860,1.60821920835668
3861,1.60376001848382
3862,1.59791799759678
3863,1.16375819341965
3864,1.35681749142531
3865,1.34775094336656
3866,1.55032214132744
3867,1.54611829577451
3868,1.76116588582725
3869,1.54197989065295
3870,1.75513796729328
3871,1.75660257420055
3872,1.9781730873204
3873,1.76426556757195
3874,1.76291762376001
3875,1.76297512465812
3876,1.7630326232596
3877,1.76309012432695
3878,1.76314762786271
3879,1.76320513386373
3880,1.76326264233268
3881,1.54256942303231
3882,1.53568472196564
3883,1.11247891246405
3884,1.09598711017244
3885,1.28613732582394
3886,1.70019731021383
3887,1.70307080421878
3888,1.92053540991014
3889,2.37878142192393
3890,2.40483172241317
3891,2.19416646271905
3892,2.20721332891234
3893,2.2218265350573
3894,2.0090572016105
3895,1.79031926263438
3896,1.3517495620759
3897,1.33869542798082
3898,1.54068566921063
3899,1.11767377279402
3900,1.10113140498773
3901,1.2917290345263
3902,2.37536428792822
3903,2.40593093286005
3904,2.66738845042891
3905,2.70266923448027
3906,2.49383245486818
3907,2.27602438094269
3908,1.83031072473545
3909,1.82756421451425
3910,1.82762648254161
3911,1.8276887427175
3912,1.82775100558316
3913,1.60195544485517
3914,1.59471826842055
3915,1.58890337059172
3916,1.80758392094619
3917,2.0347950138922
3918,2.04307553998544
3919,2.04996555949545
3920,2.05687772197987
3921,2.53897356710786
3922,3.07691834658059
3923,2.36384353536848
3924,2.62312562858835
3925,2.90457634528276
3926,2.18766934140016
3927,1.95414087241111
3928,1.71787058703749
3929,1.4818371340357
3930,1.46950231018371
3931,1.45857022534609
3932,1.67246251581361
3933,1.66778982196159
3934,1.66173422484217
3935,1.43247261369583
3936,1.6422246842259
3937,1.63765258104242
3938,1.63169534825635
3939,1.85373696587535
3940,1.62721607698576
3941,1.61989404990101
3942,1.61399487854759
3943,1.6081150373211
3944,1.60225448155871
3945,1.82209378382769
3946,1.82356592792331
3947,1.82362779199786
3948,1.82368966386085
3949,2.05077087131813
3950,2.05910655398353
3951,1.83803490683832
3952,2.06470840237966
3953,1.84456774960076
3954,1.84322334154777
3955,1.61609993669374
3956,1.60881221233116
3957,1.82920679548918
3958,1.83067995071483
3959,1.83074233271571
3960,1.83080472256058
3961,1.83086711507722
3962,1.60462124678434
3963,1.82321214549041
3964,2.05184691094893
3965,2.06018794621648
3966,1.83897749789184
3967,2.0657933920026
3968,2.07417926159365
3969,1.85200972596841
3970,1.85066517700766
3971,1.6229244869751
3972,1.61561291039827
3973,1.60972619187936
3974,1.38556086620041
3975,1.16175833740666
3976,0.940390858221739
3977,1.54764001070802
3978,0.921777461542529
3979,0.702275173375407
3980,1.49103887806688
3981,1.2828973299014
3982,1.06877281914707
3983,1.05439395801235
3984,1.44563722766998
3985,1.44314031780221
3986,1.43791804312245
3987,1.64270722428252
3988,1.64417090059544
3989,1.64421996846174
3990,1.64426904187369
3991,1.64431811730653
3992,1.85755091798085
3993,1.65161462701091
3994,1.6502510302511
3995,1.65030049909173
3996,1.65034996641673
3997,1.65039943577998
3998,1.86414262063871
3999,1.65771726071977
4000,1.44514480262259
4001,1.4385507392363
4002,1.64344500217071
4003,1.43475439424741
4004,1.42819311612062
4005,1.42301842474701
4006,1.21633947306057
4007,1.4061812607582
4008,1.60940486328858
4009,1.40385781338707
4010,1.39739491992628
4011,1.59824935249067
4012,1.59971049972653
4013,1.39377071244142
4014,1.59276704337416
4015,1.59422784513605
4016,1.59427366338899
4017,1.59431948661991
4018,1.59436531171319
4019,1.59441113866879
4020,1.59445696748662
4021,1.80374867826825
4022,1.81130042043526
4023,2.2484532584895
4024,2.27331578246897
4025,1.8574106079773
4026,1.86087321600783
4027,1.86718731183359
4028,1.87352172873382
4029,1.66501347421662
4030,1.87851542755008
4031,1.88631017620831
4032,1.89270620655421
4033,1.89912283427455
4034,1.90556011934487
4035,1.91201812757135
4036,1.91849692505623
4037,1.92499657820294
4038,1.71282393257337
4039,1.711462170281
4040,1.71151572866536
4041,1.71156928534421
4042,1.71162284424007
4043,1.71167640535783
4044,1.71172996869212
4045,1.71178353424792
4046,1.71183710201986
4047,1.71189067201293
4048,1.71194424422173
4049,1.71199781865129
4050,1.71205139529619
4051,1.49558923104319
4052,1.70475063593247
4053,1.70622191960368
4054,1.49029150487742
4055,1.27581062487612
4056,1.26472813002805
4057,1.25504383020608
4058,1.45017320498539
4059,1.44629456921685
4060,1.44105926539606
4061,1.03339968694057
4062,1.21562176143946
4063,1.20759422120136
4064,1.39824484197365
4065,0.999700569137816
4066,0.793772079277201
4067,1.35512311141229
4068,1.15846737661708
4069,1.14813625501958
4070,0.949358481615886
4071,1.12461741652704
4072,1.11731848398406
4073,1.29981502616349
4074,1.29645267715066
4075,1.4868004145251
4076,1.48825303870944
4077,1.48829240944004
4078,1.68891709484356
4079,1.29932427648501
4080,1.48699738744483
4081,1.2933060458711
4082,0.911450510966347
4083,1.08229231380453
4084,0.891433532062448
4085,0.699649300336088
4086,0.685388073602366
4087,0.500018987641366
4088,0.485468938935027
4089,0.325203772150353
4090,0.453825814900562
4091,1.11739470885202
4092,1.11850345777555
4093,1.29024491007964
4094,1.47339809436565
4095,1.84841783087414
4096,2.26174456941716
4097,1.52744746621124
4098,1.5272023141421
4099,1.34517508008474
4100,1.16278131984777
4101,1.33772015315539
4102,1.15848897523295
4103,0.803623600898259
4104,0.790523278189326
4105,0.780141240955029
4106,1.11201669435619
4107,1.11050174560582
4108,1.10635513596082
4109,1.63945312770157
4110,2.03047088647228
4111,2.6800616346034
4112,1.53608349084184
4113,1.16447877318214
4114,1.15748537634405
4115,0.00562153975501892
4116,-0.0099799099437905
4117,-0.0152396299400332
4118,1.03066902479077
4119,1.20531989700612
4120,1.37936605927882
4121,2.49802346572875
4122,3.01817394604351
4123,3.85994282886551
4124,2.75652950632049
4125,3.30452822071474
4126,3.40506783104971
4127,2.9808994742425
4128,2.5564551184232
4129,2.15502678966832
4130,2.85468792920325
4131,2.44251560964287
4132,1.81511403327859
4133,2.2485703451174
4134,2.27346601245068
4135,2.52433203860905
4136,2.32683762267404
4137,1.6846337116055
4138,0.860730340221302
4139,0.647493734176899
4140,0.0498488402156573
4141,-0.213644224824083
4142,-0.843417177588976
4143,-0.843131234550377
4144,-0.840094051334798
4145,0.702322643673687
4146,0.8749464890246
4147,1.20062161630708
4148,1.72628065960756
4149,2.11759383842705
4150,2.55701757043942
4151,2.61965104861499
4152,2.45884119634286
4153,2.73136784095412
4154,2.79531514712921
4155,2.40420888333816
4156,2.22908150781681
4157,2.68983142308389
4158,2.51805056394156
4159,2.12265112245311
4160,0.756348445035919
4161,0.553404503085062
4162,0.537278112076856
4163,1.24729362809774
4164,1.43844410881711
4165,1.63656292117727
4166,2.04311173005952
4167,2.06607379260768
4168,2.08626070675452
4169,1.89933353149562
4170,2.11885377041555
4171,2.14103205573846
4172,1.33889546902216
4173,1.32866231181893
4174,0.941177219039268
4175,1.50388891013026
4176,1.71075834471095
4177,1.71802201517195
4178,1.92819059732358
4179,1.53263207861967
4180,0.946650033690057
4181,0.930717036110891
4182,0.735119235473923
4183,0.331288994365134
4184,0.330085129332859
4185,0.677934980257866
4186,0.844001983332436
4187,1.19224331551345
4188,1.19058998185549
4189,1.18623295093542
4190,1.36505011882502
4191,1.74700018759355
4192,1.95529053539499
4193,1.78027544113311
4194,2.19190481204974
4195,2.43272897172858
4196,2.47262414883577
4197,2.08417894876364
4198,1.69299205749001
4199,1.69593210156342
4200,2.11230429148721
4201,2.57220830228294
4202,2.39293509469985
4203,2.42190314627842
4204,2.68023530665546
4205,2.26676767853761
4206,2.28579295632183
4207,2.08256337127913
4208,2.7895617050161
4209,2.59785997476178
4210,2.16038022539634
4211,2.171740600532
4212,1.96228939422551
4213,1.96750712277293
4214,2.19927143355283
4215,2.2153781454248
4216,2.0023403970792
4217,2.47476512739453
4218,2.74689818164766
4219,3.04224928114134
4220,3.39110020572981
4221,2.62988314968102
4222,2.15669558861217
4223,1.69117589625009
4224,1.23539193244732
4225,1.21771586121682
4226,0.990429671954982
4227,0.971555025673935
4228,0.954137650181712
4229,1.35421321969764
4230,1.13636701547338
4231,1.12090304999682
4232,1.10690884986655
4233,0.340690037536096
4234,0.0599301896657247
4235,0.628419752986761
4236,0.805957383395649
4237,0.605134793025826
4238,0.961742186797567
4239,0.764411652824667
4240,0.566938521685859
4241,0.269370517157298
4242,0.134905097203092
4243,-0.106509365780117
4244,-0.113346060839276
4245,-0.00807593076874077
4246,0.0941460629349952
4247,-0.320336289472685
4248,-0.506652451115006
4249,-0.758994796146304
4250,-0.895758059409499
4251,-0.895451239867095
4252,-0.895143035248939
4253,-0.894834944558898
4254,-0.830127654046133
4255,-0.63553749575602
4256,-0.777001834141309
4257,-0.340666130365647
4258,-0.307238010982307
4259,-0.299687843549121
4260,-0.309357642726777
4261,-0.214008342645812
4262,-0.0676052062373552
4263,0.0957318854463278
4264,0.156199552857803
4265,0.18602191515239
4266,0.195393767573783
4267,0.198520965538245
4268,0.0785270553968207
4269,0.078527152525249
